session_id,user_id,timestamp,action,alert_id,dwell_time_ms,tooltip_seen,help_clicked,error,view
a6a8d525-8d51-434a-9c43-75a314bf2773,analyst_john,2025-12-11T13:15:53,view_dashboard,,0,,,,overview
a6a8d525-8d51-434a-9c43-75a314bf2773,analyst_john,2025-12-11T13:16:12,view_alert_list,,0,,,,alerts
a6a8d525-8d51-434a-9c43-75a314bf2773,analyst_john,2025-12-11T13:16:18,open_alert_details,ATK-0037,9717,False,False,,
a6a8d525-8d51-434a-9c43-75a314bf2773,analyst_john,2025-12-11T13:16:21,click_respond,ATK-0037,0,False,False,False,
a6a8d525-8d51-434a-9c43-75a314bf2773,analyst_john,2025-12-11T13:16:24,confirm_action,ATK-0037,0,False,False,False,
a6a8d525-8d51-434a-9c43-75a314bf2773,analyst_john,2025-12-11T13:17:07,view_alert_list,,0,,,,alerts
a6a8d525-8d51-434a-9c43-75a314bf2773,analyst_john,2025-12-11T13:17:09,open_alert_details,ATK-0072,39781,True,False,,
a6a8d525-8d51-434a-9c43-75a314bf2773,analyst_john,2025-12-11T13:17:18,search,ATK-0072,0,False,False,False,
a6a8d525-8d51-434a-9c43-75a314bf2773,analyst_john,2025-12-11T13:17:22,search,ATK-0072,0,False,False,False,
a6a8d525-8d51-434a-9c43-75a314bf2773,analyst_john,2025-12-11T13:17:24,dismiss_alert,ATK-0072,0,False,False,False,
a6a8d525-8d51-434a-9c43-75a314bf2773,analyst_john,2025-12-11T13:18:13,view_alert_list,,0,,,,alerts
a6a8d525-8d51-434a-9c43-75a314bf2773,analyst_john,2025-12-11T13:18:28,open_alert_details,ATK-0025,25298,True,False,,
a6a8d525-8d51-434a-9c43-75a314bf2773,analyst_john,2025-12-11T13:18:33,click_respond,ATK-0025,0,False,False,False,
a6a8d525-8d51-434a-9c43-75a314bf2773,analyst_john,2025-12-11T13:18:35,confirm_action,ATK-0025,0,False,False,False,
87c48407-3fcb-4c07-b026-39a80cd429fc,analyst_mike,2025-12-11T15:59:53,view_dashboard,,0,,,,overview
87c48407-3fcb-4c07-b026-39a80cd429fc,analyst_mike,2025-12-11T16:00:49,view_alert_list,,0,,,,alerts
87c48407-3fcb-4c07-b026-39a80cd429fc,analyst_mike,2025-12-11T16:00:52,open_alert_details,ATK-0039,33108,True,False,,
87c48407-3fcb-4c07-b026-39a80cd429fc,analyst_mike,2025-12-11T16:00:54,search,ATK-0039,0,False,False,False,
87c48407-3fcb-4c07-b026-39a80cd429fc,analyst_mike,2025-12-11T16:01:00,click_respond,ATK-0039,0,False,False,False,
87c48407-3fcb-4c07-b026-39a80cd429fc,analyst_mike,2025-12-11T16:01:03,click_respond,ATK-0039,0,False,False,False,
87c48407-3fcb-4c07-b026-39a80cd429fc,analyst_mike,2025-12-11T16:01:05,confirm_action,ATK-0039,0,False,False,False,
87c48407-3fcb-4c07-b026-39a80cd429fc,analyst_mike,2025-12-11T16:01:52,view_alert_list,,0,,,,alerts
87c48407-3fcb-4c07-b026-39a80cd429fc,analyst_mike,2025-12-11T16:02:01,open_alert_details,ATK-0007,21965,False,False,,
87c48407-3fcb-4c07-b026-39a80cd429fc,analyst_mike,2025-12-11T16:02:04,click_respond,ATK-0007,0,False,False,False,
87c48407-3fcb-4c07-b026-39a80cd429fc,analyst_mike,2025-12-11T16:02:08,click_respond,ATK-0007,0,False,False,False,
87c48407-3fcb-4c07-b026-39a80cd429fc,analyst_mike,2025-12-11T16:02:12,confirm_action,ATK-0007,0,False,False,False,
87c48407-3fcb-4c07-b026-39a80cd429fc,analyst_mike,2025-12-11T16:02:59,view_alert_list,,0,,,,alerts
87c48407-3fcb-4c07-b026-39a80cd429fc,analyst_mike,2025-12-11T16:03:09,open_alert_details,ATK-0032,7679,False,True,,
87c48407-3fcb-4c07-b026-39a80cd429fc,analyst_mike,2025-12-11T16:03:13,filter_change,ATK-0032,0,False,False,False,
87c48407-3fcb-4c07-b026-39a80cd429fc,analyst_mike,2025-12-11T16:03:21,search,ATK-0032,0,False,False,False,
87c48407-3fcb-4c07-b026-39a80cd429fc,analyst_mike,2025-12-11T16:03:28,dismiss_alert,ATK-0032,0,False,False,False,
87c48407-3fcb-4c07-b026-39a80cd429fc,analyst_mike,2025-12-11T16:03:47,view_alert_list,,0,,,,alerts
87c48407-3fcb-4c07-b026-39a80cd429fc,analyst_mike,2025-12-11T16:03:59,open_alert_details,ATK-0080,6665,True,False,,
87c48407-3fcb-4c07-b026-39a80cd429fc,analyst_mike,2025-12-11T16:04:02,click_respond,ATK-0080,0,False,False,False,
87c48407-3fcb-4c07-b026-39a80cd429fc,analyst_mike,2025-12-11T16:04:08,confirm_action,ATK-0080,0,False,False,False,
87c48407-3fcb-4c07-b026-39a80cd429fc,analyst_mike,2025-12-11T16:04:26,view_alert_list,,0,,,,alerts
87c48407-3fcb-4c07-b026-39a80cd429fc,analyst_mike,2025-12-11T16:04:43,open_alert_details,ATK-0046,28928,False,False,,
87c48407-3fcb-4c07-b026-39a80cd429fc,analyst_mike,2025-12-11T16:04:49,click_respond,ATK-0046,0,False,False,False,
87c48407-3fcb-4c07-b026-39a80cd429fc,analyst_mike,2025-12-11T16:04:53,click_respond,ATK-0046,0,False,False,False,
87c48407-3fcb-4c07-b026-39a80cd429fc,analyst_mike,2025-12-11T16:04:59,click_respond,ATK-0046,0,False,False,False,
87c48407-3fcb-4c07-b026-39a80cd429fc,analyst_mike,2025-12-11T16:05:04,confirm_action,ATK-0046,0,False,False,False,
1e4e6430-d834-4dcd-be30-ccbbdccebc8e,soc_lead,2025-12-11T16:08:53,view_dashboard,,0,,,,overview
1e4e6430-d834-4dcd-be30-ccbbdccebc8e,soc_lead,2025-12-11T16:09:30,view_alert_list,,0,,,,alerts
1e4e6430-d834-4dcd-be30-ccbbdccebc8e,soc_lead,2025-12-11T16:09:47,open_alert_details,ATK-0022,8957,False,False,,
1e4e6430-d834-4dcd-be30-ccbbdccebc8e,soc_lead,2025-12-11T16:09:52,dismiss_alert,ATK-0022,0,False,False,False,
1e4e6430-d834-4dcd-be30-ccbbdccebc8e,soc_lead,2025-12-11T16:10:21,view_alert_list,,0,,,,alerts
1e4e6430-d834-4dcd-be30-ccbbdccebc8e,soc_lead,2025-12-11T16:10:35,open_alert_details,ATK-0010,42052,False,False,,
1e4e6430-d834-4dcd-be30-ccbbdccebc8e,soc_lead,2025-12-11T16:10:36,filter_change,ATK-0010,0,False,False,False,
1e4e6430-d834-4dcd-be30-ccbbdccebc8e,soc_lead,2025-12-11T16:10:45,search,ATK-0010,0,False,False,False,
1e4e6430-d834-4dcd-be30-ccbbdccebc8e,soc_lead,2025-12-11T16:10:50,click_respond,ATK-0010,0,False,False,False,
1e4e6430-d834-4dcd-be30-ccbbdccebc8e,soc_lead,2025-12-11T16:10:53,click_respond,ATK-0010,0,False,False,False,
1e4e6430-d834-4dcd-be30-ccbbdccebc8e,soc_lead,2025-12-11T16:10:58,confirm_action,ATK-0010,0,False,False,False,
80f9ef48-2b99-40ca-8dd5-2808e7781190,analyst_john,2025-12-11T15:17:53,view_dashboard,,0,,,,overview
80f9ef48-2b99-40ca-8dd5-2808e7781190,analyst_john,2025-12-11T15:18:30,view_alert_list,,0,,,,alerts
80f9ef48-2b99-40ca-8dd5-2808e7781190,analyst_john,2025-12-11T15:18:35,open_alert_details,ATK-0027,43979,True,False,,
80f9ef48-2b99-40ca-8dd5-2808e7781190,analyst_john,2025-12-11T15:18:44,filter_change,ATK-0027,0,False,False,False,
80f9ef48-2b99-40ca-8dd5-2808e7781190,analyst_john,2025-12-11T15:18:47,search,ATK-0027,0,False,False,False,
80f9ef48-2b99-40ca-8dd5-2808e7781190,analyst_john,2025-12-11T15:18:49,click_respond,ATK-0027,0,False,False,False,
80f9ef48-2b99-40ca-8dd5-2808e7781190,analyst_john,2025-12-11T15:18:55,click_respond,ATK-0027,0,False,False,False,
80f9ef48-2b99-40ca-8dd5-2808e7781190,analyst_john,2025-12-11T15:18:59,click_respond,ATK-0027,0,False,False,False,
80f9ef48-2b99-40ca-8dd5-2808e7781190,analyst_john,2025-12-11T15:19:04,confirm_action,ATK-0027,0,False,False,False,
80f9ef48-2b99-40ca-8dd5-2808e7781190,analyst_john,2025-12-11T15:19:16,view_alert_list,,0,,,,alerts
80f9ef48-2b99-40ca-8dd5-2808e7781190,analyst_john,2025-12-11T15:19:29,open_alert_details,ATK-0003,23153,True,False,,
80f9ef48-2b99-40ca-8dd5-2808e7781190,analyst_john,2025-12-11T15:19:31,dismiss_alert,ATK-0003,0,False,False,False,
80f9ef48-2b99-40ca-8dd5-2808e7781190,analyst_john,2025-12-11T15:20:28,view_alert_list,,0,,,,alerts
80f9ef48-2b99-40ca-8dd5-2808e7781190,analyst_john,2025-12-11T15:20:32,open_alert_details,ATK-0070,37911,False,True,,
80f9ef48-2b99-40ca-8dd5-2808e7781190,analyst_john,2025-12-11T15:20:41,filter_change,ATK-0070,0,False,False,False,
80f9ef48-2b99-40ca-8dd5-2808e7781190,analyst_john,2025-12-11T15:20:46,dismiss_alert,ATK-0070,0,False,False,False,
80f9ef48-2b99-40ca-8dd5-2808e7781190,analyst_john,2025-12-11T15:21:25,view_alert_list,,0,,,,alerts
80f9ef48-2b99-40ca-8dd5-2808e7781190,analyst_john,2025-12-11T15:21:33,open_alert_details,ATK-0033,23428,True,False,,
80f9ef48-2b99-40ca-8dd5-2808e7781190,analyst_john,2025-12-11T15:21:39,search,ATK-0033,0,False,False,False,
80f9ef48-2b99-40ca-8dd5-2808e7781190,analyst_john,2025-12-11T15:21:48,search,ATK-0033,0,False,False,False,
80f9ef48-2b99-40ca-8dd5-2808e7781190,analyst_john,2025-12-11T15:21:50,click_respond,ATK-0033,0,False,False,False,
80f9ef48-2b99-40ca-8dd5-2808e7781190,analyst_john,2025-12-11T15:21:56,click_respond,ATK-0033,0,False,False,False,
80f9ef48-2b99-40ca-8dd5-2808e7781190,analyst_john,2025-12-11T15:22:02,confirm_action,ATK-0033,0,False,False,False,
80f9ef48-2b99-40ca-8dd5-2808e7781190,analyst_john,2025-12-11T15:22:44,view_alert_list,,0,,,,alerts
80f9ef48-2b99-40ca-8dd5-2808e7781190,analyst_john,2025-12-11T15:22:53,open_alert_details,ATK-0035,3471,True,False,,
80f9ef48-2b99-40ca-8dd5-2808e7781190,analyst_john,2025-12-11T15:22:54,filter_change,ATK-0035,0,False,False,False,
80f9ef48-2b99-40ca-8dd5-2808e7781190,analyst_john,2025-12-11T15:22:56,filter_change,ATK-0035,0,False,False,False,
80f9ef48-2b99-40ca-8dd5-2808e7781190,analyst_john,2025-12-11T15:23:00,click_respond,ATK-0035,0,False,False,False,
80f9ef48-2b99-40ca-8dd5-2808e7781190,analyst_john,2025-12-11T15:23:05,confirm_action,ATK-0035,0,False,False,False,
c0eaee73-c294-4a6d-8381-7f8b0167e331,analyst_sarah,2025-12-11T17:39:53,view_dashboard,,0,,,,overview
c0eaee73-c294-4a6d-8381-7f8b0167e331,analyst_sarah,2025-12-11T17:40:13,view_alert_list,,0,,,,alerts
c0eaee73-c294-4a6d-8381-7f8b0167e331,analyst_sarah,2025-12-11T17:40:30,open_alert_details,ATK-0068,29677,True,False,,
c0eaee73-c294-4a6d-8381-7f8b0167e331,analyst_sarah,2025-12-11T17:40:35,click_respond,ATK-0068,0,False,False,False,
c0eaee73-c294-4a6d-8381-7f8b0167e331,analyst_sarah,2025-12-11T17:40:37,click_respond,ATK-0068,0,False,False,False,
c0eaee73-c294-4a6d-8381-7f8b0167e331,analyst_sarah,2025-12-11T17:40:39,confirm_action,ATK-0068,0,False,False,False,
c0eaee73-c294-4a6d-8381-7f8b0167e331,analyst_sarah,2025-12-11T17:41:09,view_alert_list,,0,,,,alerts
c0eaee73-c294-4a6d-8381-7f8b0167e331,analyst_sarah,2025-12-11T17:41:21,open_alert_details,ATK-0009,10161,True,False,,
c0eaee73-c294-4a6d-8381-7f8b0167e331,analyst_sarah,2025-12-11T17:41:25,click_respond,ATK-0009,0,False,False,False,
c0eaee73-c294-4a6d-8381-7f8b0167e331,analyst_sarah,2025-12-11T17:41:30,confirm_action,ATK-0009,0,False,False,False,
d729ae09-3453-495b-ba51-a4e6a5bfa958,analyst_sarah,2025-12-11T13:41:53,view_dashboard,,0,,,,overview
d729ae09-3453-495b-ba51-a4e6a5bfa958,analyst_sarah,2025-12-11T13:42:04,view_alert_list,,0,,,,alerts
d729ae09-3453-495b-ba51-a4e6a5bfa958,analyst_sarah,2025-12-11T13:42:07,open_alert_details,ATK-0079,38427,False,False,,
d729ae09-3453-495b-ba51-a4e6a5bfa958,analyst_sarah,2025-12-11T13:42:12,click_respond,ATK-0079,0,False,False,False,
d729ae09-3453-495b-ba51-a4e6a5bfa958,analyst_sarah,2025-12-11T13:42:14,confirm_action,ATK-0079,0,False,False,False,
d729ae09-3453-495b-ba51-a4e6a5bfa958,analyst_sarah,2025-12-11T13:42:43,view_alert_list,,0,,,,alerts
d729ae09-3453-495b-ba51-a4e6a5bfa958,analyst_sarah,2025-12-11T13:42:45,open_alert_details,ATK-0026,28586,True,False,,
d729ae09-3453-495b-ba51-a4e6a5bfa958,analyst_sarah,2025-12-11T13:42:50,search,ATK-0026,0,False,False,False,
d729ae09-3453-495b-ba51-a4e6a5bfa958,analyst_sarah,2025-12-11T13:42:58,dismiss_alert,ATK-0026,0,False,False,False,
d729ae09-3453-495b-ba51-a4e6a5bfa958,analyst_sarah,2025-12-11T13:43:45,view_alert_list,,0,,,,alerts
d729ae09-3453-495b-ba51-a4e6a5bfa958,analyst_sarah,2025-12-11T13:44:02,open_alert_details,ATK-0080,13144,True,False,,
d729ae09-3453-495b-ba51-a4e6a5bfa958,analyst_sarah,2025-12-11T13:44:04,click_respond,ATK-0080,0,False,False,False,
d729ae09-3453-495b-ba51-a4e6a5bfa958,analyst_sarah,2025-12-11T13:44:08,click_respond,ATK-0080,0,False,False,False,
d729ae09-3453-495b-ba51-a4e6a5bfa958,analyst_sarah,2025-12-11T13:44:10,click_respond,ATK-0080,0,False,False,False,
d729ae09-3453-495b-ba51-a4e6a5bfa958,analyst_sarah,2025-12-11T13:44:12,confirm_action,ATK-0080,0,False,False,False,
d729ae09-3453-495b-ba51-a4e6a5bfa958,analyst_sarah,2025-12-11T13:44:49,view_alert_list,,0,,,,alerts
d729ae09-3453-495b-ba51-a4e6a5bfa958,analyst_sarah,2025-12-11T13:45:07,open_alert_details,ATK-0069,13317,True,False,,
d729ae09-3453-495b-ba51-a4e6a5bfa958,analyst_sarah,2025-12-11T13:45:09,filter_change,ATK-0069,0,False,False,False,
d729ae09-3453-495b-ba51-a4e6a5bfa958,analyst_sarah,2025-12-11T13:45:11,filter_change,ATK-0069,0,False,False,False,
d729ae09-3453-495b-ba51-a4e6a5bfa958,analyst_sarah,2025-12-11T13:45:17,click_respond,ATK-0069,0,False,False,False,
d729ae09-3453-495b-ba51-a4e6a5bfa958,analyst_sarah,2025-12-11T13:45:20,confirm_action,ATK-0069,0,False,False,False,
6771ed68-40e0-4514-a5f0-d7f0b4de9c26,analyst_john,2025-12-11T13:44:53,view_dashboard,,0,,,,overview
6771ed68-40e0-4514-a5f0-d7f0b4de9c26,analyst_john,2025-12-11T13:45:18,view_alert_list,,0,,,,alerts
6771ed68-40e0-4514-a5f0-d7f0b4de9c26,analyst_john,2025-12-11T13:45:28,open_alert_details,ATK-0074,16386,False,False,,
6771ed68-40e0-4514-a5f0-d7f0b4de9c26,analyst_john,2025-12-11T13:45:35,filter_change,ATK-0074,0,False,False,False,
6771ed68-40e0-4514-a5f0-d7f0b4de9c26,analyst_john,2025-12-11T13:45:37,click_respond,ATK-0074,0,False,False,False,
6771ed68-40e0-4514-a5f0-d7f0b4de9c26,analyst_john,2025-12-11T13:45:39,click_respond,ATK-0074,0,False,False,False,
6771ed68-40e0-4514-a5f0-d7f0b4de9c26,analyst_john,2025-12-11T13:45:44,confirm_action,ATK-0074,0,False,False,False,
6771ed68-40e0-4514-a5f0-d7f0b4de9c26,analyst_john,2025-12-11T13:45:53,view_alert_list,,0,,,,alerts
6771ed68-40e0-4514-a5f0-d7f0b4de9c26,analyst_john,2025-12-11T13:46:12,open_alert_details,ATK-0015,16969,True,False,,
6771ed68-40e0-4514-a5f0-d7f0b4de9c26,analyst_john,2025-12-11T13:46:15,dismiss_alert,ATK-0015,0,False,False,False,
6771ed68-40e0-4514-a5f0-d7f0b4de9c26,analyst_john,2025-12-11T13:46:38,view_alert_list,,0,,,,alerts
6771ed68-40e0-4514-a5f0-d7f0b4de9c26,analyst_john,2025-12-11T13:46:45,open_alert_details,ATK-0053,31716,False,False,,
6771ed68-40e0-4514-a5f0-d7f0b4de9c26,analyst_john,2025-12-11T13:46:54,filter_change,ATK-0053,0,False,False,False,
6771ed68-40e0-4514-a5f0-d7f0b4de9c26,analyst_john,2025-12-11T13:47:03,search,ATK-0053,0,False,False,False,
6771ed68-40e0-4514-a5f0-d7f0b4de9c26,analyst_john,2025-12-11T13:47:07,click_respond,ATK-0053,0,False,False,False,
6771ed68-40e0-4514-a5f0-d7f0b4de9c26,analyst_john,2025-12-11T13:47:09,confirm_action,ATK-0053,0,False,False,False,
6771ed68-40e0-4514-a5f0-d7f0b4de9c26,analyst_john,2025-12-11T13:48:01,view_alert_list,,0,,,,alerts
6771ed68-40e0-4514-a5f0-d7f0b4de9c26,analyst_john,2025-12-11T13:48:20,open_alert_details,ATK-0016,13187,True,False,,
6771ed68-40e0-4514-a5f0-d7f0b4de9c26,analyst_john,2025-12-11T13:48:24,search,ATK-0016,0,False,False,False,
6771ed68-40e0-4514-a5f0-d7f0b4de9c26,analyst_john,2025-12-11T13:48:28,search,ATK-0016,0,False,False,False,
6771ed68-40e0-4514-a5f0-d7f0b4de9c26,analyst_john,2025-12-11T13:48:30,click_respond,ATK-0016,0,False,False,False,
6771ed68-40e0-4514-a5f0-d7f0b4de9c26,analyst_john,2025-12-11T13:48:35,confirm_action,ATK-0016,0,False,False,False,
2f9e01d7-ed48-4956-9a1c-1913e60df771,analyst_mike,2025-12-11T13:25:53,view_dashboard,,0,,,,overview
2f9e01d7-ed48-4956-9a1c-1913e60df771,analyst_mike,2025-12-11T13:26:47,view_alert_list,,0,,,,alerts
2f9e01d7-ed48-4956-9a1c-1913e60df771,analyst_mike,2025-12-11T13:26:53,open_alert_details,ATK-0048,44753,False,True,,
2f9e01d7-ed48-4956-9a1c-1913e60df771,analyst_mike,2025-12-11T13:27:02,search,ATK-0048,0,False,False,False,
2f9e01d7-ed48-4956-9a1c-1913e60df771,analyst_mike,2025-12-11T13:27:05,click_respond,ATK-0048,0,False,False,False,
2f9e01d7-ed48-4956-9a1c-1913e60df771,analyst_mike,2025-12-11T13:27:11,click_respond,ATK-0048,0,False,False,False,
2f9e01d7-ed48-4956-9a1c-1913e60df771,analyst_mike,2025-12-11T13:27:13,click_respond,ATK-0048,0,False,False,False,
2f9e01d7-ed48-4956-9a1c-1913e60df771,analyst_mike,2025-12-11T13:27:17,confirm_action,ATK-0048,0,False,False,False,
c3adface-76e1-4ea9-8e3b-3b8ec366625e,analyst_sarah,2025-12-11T16:43:53,view_dashboard,,0,,,,overview
c3adface-76e1-4ea9-8e3b-3b8ec366625e,analyst_sarah,2025-12-11T16:44:17,view_alert_list,,0,,,,alerts
c3adface-76e1-4ea9-8e3b-3b8ec366625e,analyst_sarah,2025-12-11T16:44:30,open_alert_details,ATK-0007,5614,False,False,,
c3adface-76e1-4ea9-8e3b-3b8ec366625e,analyst_sarah,2025-12-11T16:44:35,click_respond,ATK-0007,0,False,False,False,
c3adface-76e1-4ea9-8e3b-3b8ec366625e,analyst_sarah,2025-12-11T16:44:41,click_respond,ATK-0007,0,False,False,False,
c3adface-76e1-4ea9-8e3b-3b8ec366625e,analyst_sarah,2025-12-11T16:44:44,click_respond,ATK-0007,0,False,False,False,
c3adface-76e1-4ea9-8e3b-3b8ec366625e,analyst_sarah,2025-12-11T16:44:47,confirm_action,ATK-0007,0,False,False,False,
c3adface-76e1-4ea9-8e3b-3b8ec366625e,analyst_sarah,2025-12-11T16:45:43,view_alert_list,,0,,,,alerts
c3adface-76e1-4ea9-8e3b-3b8ec366625e,analyst_sarah,2025-12-11T16:45:50,open_alert_details,ATK-0025,30020,True,False,,
c3adface-76e1-4ea9-8e3b-3b8ec366625e,analyst_sarah,2025-12-11T16:45:56,search,ATK-0025,0,False,False,False,
c3adface-76e1-4ea9-8e3b-3b8ec366625e,analyst_sarah,2025-12-11T16:46:00,search,ATK-0025,0,False,False,False,
c3adface-76e1-4ea9-8e3b-3b8ec366625e,analyst_sarah,2025-12-11T16:46:05,dismiss_alert,ATK-0025,0,False,False,False,
6ab8217a-5ff2-4805-a5ce-420e46bf76c6,analyst_john,2025-12-11T17:03:53,view_dashboard,,0,,,,overview
6ab8217a-5ff2-4805-a5ce-420e46bf76c6,analyst_john,2025-12-11T17:04:50,view_alert_list,,0,,,,alerts
6ab8217a-5ff2-4805-a5ce-420e46bf76c6,analyst_john,2025-12-11T17:05:06,open_alert_details,ATK-0030,25915,True,False,,
6ab8217a-5ff2-4805-a5ce-420e46bf76c6,analyst_john,2025-12-11T17:05:10,click_respond,ATK-0030,0,False,False,False,
6ab8217a-5ff2-4805-a5ce-420e46bf76c6,analyst_john,2025-12-11T17:05:14,click_respond,ATK-0030,0,False,False,False,
6ab8217a-5ff2-4805-a5ce-420e46bf76c6,analyst_john,2025-12-11T17:05:16,confirm_action,ATK-0030,0,False,False,False,
6ab8217a-5ff2-4805-a5ce-420e46bf76c6,analyst_john,2025-12-11T17:05:43,view_alert_list,,0,,,,alerts
6ab8217a-5ff2-4805-a5ce-420e46bf76c6,analyst_john,2025-12-11T17:06:01,open_alert_details,ATK-0041,29193,False,False,,
6ab8217a-5ff2-4805-a5ce-420e46bf76c6,analyst_john,2025-12-11T17:06:02,filter_change,ATK-0041,0,False,False,False,
6ab8217a-5ff2-4805-a5ce-420e46bf76c6,analyst_john,2025-12-11T17:06:06,click_respond,ATK-0041,0,False,False,False,
6ab8217a-5ff2-4805-a5ce-420e46bf76c6,analyst_john,2025-12-11T17:06:08,click_respond,ATK-0041,0,False,False,False,
6ab8217a-5ff2-4805-a5ce-420e46bf76c6,analyst_john,2025-12-11T17:06:10,click_respond,ATK-0041,0,False,False,False,
6ab8217a-5ff2-4805-a5ce-420e46bf76c6,analyst_john,2025-12-11T17:06:16,confirm_action,ATK-0041,0,False,False,False,
acf36b0b-22e1-4e80-a7a9-10860d66a0c6,soc_lead,2025-12-11T15:59:53,view_dashboard,,0,,,,overview
acf36b0b-22e1-4e80-a7a9-10860d66a0c6,soc_lead,2025-12-11T16:00:36,view_alert_list,,0,,,,alerts
acf36b0b-22e1-4e80-a7a9-10860d66a0c6,soc_lead,2025-12-11T16:00:54,open_alert_details,ATK-0062,10578,True,False,,
acf36b0b-22e1-4e80-a7a9-10860d66a0c6,soc_lead,2025-12-11T16:00:58,search,ATK-0062,0,False,False,False,
acf36b0b-22e1-4e80-a7a9-10860d66a0c6,soc_lead,2025-12-11T16:00:59,search,ATK-0062,0,False,False,False,
acf36b0b-22e1-4e80-a7a9-10860d66a0c6,soc_lead,2025-12-11T16:01:01,error_modal,ATK-0062,0,,,True,
acf36b0b-22e1-4e80-a7a9-10860d66a0c6,soc_lead,2025-12-11T16:01:02,back,ATK-0062,0,False,False,False,
acf36b0b-22e1-4e80-a7a9-10860d66a0c6,soc_lead,2025-12-11T16:01:08,dismiss_alert,ATK-0062,0,False,False,False,
acf36b0b-22e1-4e80-a7a9-10860d66a0c6,soc_lead,2025-12-11T16:01:36,view_alert_list,,0,,,,alerts
acf36b0b-22e1-4e80-a7a9-10860d66a0c6,soc_lead,2025-12-11T16:01:51,open_alert_details,ATK-0030,7585,False,False,,
acf36b0b-22e1-4e80-a7a9-10860d66a0c6,soc_lead,2025-12-11T16:01:57,filter_change,ATK-0030,0,False,False,False,
acf36b0b-22e1-4e80-a7a9-10860d66a0c6,soc_lead,2025-12-11T16:02:02,search,ATK-0030,0,False,False,False,
acf36b0b-22e1-4e80-a7a9-10860d66a0c6,soc_lead,2025-12-11T16:02:06,click_respond,ATK-0030,0,False,False,False,
acf36b0b-22e1-4e80-a7a9-10860d66a0c6,soc_lead,2025-12-11T16:02:12,click_respond,ATK-0030,0,False,False,False,
acf36b0b-22e1-4e80-a7a9-10860d66a0c6,soc_lead,2025-12-11T16:02:15,click_respond,ATK-0030,0,False,False,False,
acf36b0b-22e1-4e80-a7a9-10860d66a0c6,soc_lead,2025-12-11T16:02:18,confirm_action,ATK-0030,0,False,False,False,
acf36b0b-22e1-4e80-a7a9-10860d66a0c6,soc_lead,2025-12-11T16:03:05,view_alert_list,,0,,,,alerts
acf36b0b-22e1-4e80-a7a9-10860d66a0c6,soc_lead,2025-12-11T16:03:19,open_alert_details,ATK-0060,14405,False,False,,
acf36b0b-22e1-4e80-a7a9-10860d66a0c6,soc_lead,2025-12-11T16:03:20,search,ATK-0060,0,False,False,False,
acf36b0b-22e1-4e80-a7a9-10860d66a0c6,soc_lead,2025-12-11T16:03:25,filter_change,ATK-0060,0,False,False,False,
acf36b0b-22e1-4e80-a7a9-10860d66a0c6,soc_lead,2025-12-11T16:03:29,click_respond,ATK-0060,0,False,False,False,
acf36b0b-22e1-4e80-a7a9-10860d66a0c6,soc_lead,2025-12-11T16:03:34,click_respond,ATK-0060,0,False,False,False,
acf36b0b-22e1-4e80-a7a9-10860d66a0c6,soc_lead,2025-12-11T16:03:39,click_respond,ATK-0060,0,False,False,False,
acf36b0b-22e1-4e80-a7a9-10860d66a0c6,soc_lead,2025-12-11T16:03:44,confirm_action,ATK-0060,0,False,False,False,
089d560b-cc8f-4bae-b944-5acb160ecd82,analyst_sarah,2025-12-11T17:24:53,view_dashboard,,0,,,,overview
089d560b-cc8f-4bae-b944-5acb160ecd82,analyst_sarah,2025-12-11T17:25:40,view_alert_list,,0,,,,alerts
089d560b-cc8f-4bae-b944-5acb160ecd82,analyst_sarah,2025-12-11T17:25:44,open_alert_details,ATK-0026,21598,True,False,,
089d560b-cc8f-4bae-b944-5acb160ecd82,analyst_sarah,2025-12-11T17:25:54,search,ATK-0026,0,False,False,False,
089d560b-cc8f-4bae-b944-5acb160ecd82,analyst_sarah,2025-12-11T17:25:56,filter_change,ATK-0026,0,False,False,False,
089d560b-cc8f-4bae-b944-5acb160ecd82,analyst_sarah,2025-12-11T17:25:59,click_respond,ATK-0026,0,False,False,False,
089d560b-cc8f-4bae-b944-5acb160ecd82,analyst_sarah,2025-12-11T17:26:01,confirm_action,ATK-0026,0,False,False,False,
089d560b-cc8f-4bae-b944-5acb160ecd82,analyst_sarah,2025-12-11T17:26:21,view_alert_list,,0,,,,alerts
089d560b-cc8f-4bae-b944-5acb160ecd82,analyst_sarah,2025-12-11T17:26:38,open_alert_details,ATK-0007,43060,False,True,,
089d560b-cc8f-4bae-b944-5acb160ecd82,analyst_sarah,2025-12-11T17:26:48,filter_change,ATK-0007,0,False,False,False,
089d560b-cc8f-4bae-b944-5acb160ecd82,analyst_sarah,2025-12-11T17:26:51,click_respond,ATK-0007,0,False,False,False,
089d560b-cc8f-4bae-b944-5acb160ecd82,analyst_sarah,2025-12-11T17:26:54,click_respond,ATK-0007,0,False,False,False,
089d560b-cc8f-4bae-b944-5acb160ecd82,analyst_sarah,2025-12-11T17:26:56,confirm_action,ATK-0007,0,False,False,False,
089d560b-cc8f-4bae-b944-5acb160ecd82,analyst_sarah,2025-12-11T17:27:50,view_alert_list,,0,,,,alerts
089d560b-cc8f-4bae-b944-5acb160ecd82,analyst_sarah,2025-12-11T17:28:05,open_alert_details,ATK-0016,17341,True,False,,
089d560b-cc8f-4bae-b944-5acb160ecd82,analyst_sarah,2025-12-11T17:28:14,search,ATK-0016,0,False,False,False,
089d560b-cc8f-4bae-b944-5acb160ecd82,analyst_sarah,2025-12-11T17:28:15,filter_change,ATK-0016,0,False,False,False,
089d560b-cc8f-4bae-b944-5acb160ecd82,analyst_sarah,2025-12-11T17:28:20,click_respond,ATK-0016,0,False,False,False,
089d560b-cc8f-4bae-b944-5acb160ecd82,analyst_sarah,2025-12-11T17:28:26,confirm_action,ATK-0016,0,False,False,False,
089d560b-cc8f-4bae-b944-5acb160ecd82,analyst_sarah,2025-12-11T17:29:09,view_alert_list,,0,,,,alerts
089d560b-cc8f-4bae-b944-5acb160ecd82,analyst_sarah,2025-12-11T17:29:21,open_alert_details,ATK-0080,32004,False,False,,
089d560b-cc8f-4bae-b944-5acb160ecd82,analyst_sarah,2025-12-11T17:29:28,search,ATK-0080,0,False,False,False,
089d560b-cc8f-4bae-b944-5acb160ecd82,analyst_sarah,2025-12-11T17:29:31,search,ATK-0080,0,False,False,False,
089d560b-cc8f-4bae-b944-5acb160ecd82,analyst_sarah,2025-12-11T17:29:39,dismiss_alert,ATK-0080,0,False,False,False,
18a77ac7-deaa-4dbe-af5a-e0edbd99ff74,analyst_mike,2025-12-11T17:29:53,view_dashboard,,0,,,,overview
18a77ac7-deaa-4dbe-af5a-e0edbd99ff74,analyst_mike,2025-12-11T17:30:15,view_alert_list,,0,,,,alerts
18a77ac7-deaa-4dbe-af5a-e0edbd99ff74,analyst_mike,2025-12-11T17:30:31,open_alert_details,ATK-0036,8077,False,False,,
18a77ac7-deaa-4dbe-af5a-e0edbd99ff74,analyst_mike,2025-12-11T17:30:37,filter_change,ATK-0036,0,False,False,False,
18a77ac7-deaa-4dbe-af5a-e0edbd99ff74,analyst_mike,2025-12-11T17:30:40,click_respond,ATK-0036,0,False,False,False,
18a77ac7-deaa-4dbe-af5a-e0edbd99ff74,analyst_mike,2025-12-11T17:30:43,click_respond,ATK-0036,0,False,False,False,
18a77ac7-deaa-4dbe-af5a-e0edbd99ff74,analyst_mike,2025-12-11T17:30:45,click_respond,ATK-0036,0,False,False,False,
18a77ac7-deaa-4dbe-af5a-e0edbd99ff74,analyst_mike,2025-12-11T17:30:50,confirm_action,ATK-0036,0,False,False,False,
18a77ac7-deaa-4dbe-af5a-e0edbd99ff74,analyst_mike,2025-12-11T17:31:16,view_alert_list,,0,,,,alerts
18a77ac7-deaa-4dbe-af5a-e0edbd99ff74,analyst_mike,2025-12-11T17:31:35,open_alert_details,ATK-0059,33534,True,False,,
18a77ac7-deaa-4dbe-af5a-e0edbd99ff74,analyst_mike,2025-12-11T17:31:37,click_respond,ATK-0059,0,False,False,False,
18a77ac7-deaa-4dbe-af5a-e0edbd99ff74,analyst_mike,2025-12-11T17:31:43,click_respond,ATK-0059,0,False,False,False,
18a77ac7-deaa-4dbe-af5a-e0edbd99ff74,analyst_mike,2025-12-11T17:31:48,click_respond,ATK-0059,0,False,False,False,
18a77ac7-deaa-4dbe-af5a-e0edbd99ff74,analyst_mike,2025-12-11T17:31:53,confirm_action,ATK-0059,0,False,False,False,
18a77ac7-deaa-4dbe-af5a-e0edbd99ff74,analyst_mike,2025-12-11T17:32:20,view_alert_list,,0,,,,alerts
18a77ac7-deaa-4dbe-af5a-e0edbd99ff74,analyst_mike,2025-12-11T17:32:31,open_alert_details,ATK-0001,28558,False,False,,
18a77ac7-deaa-4dbe-af5a-e0edbd99ff74,analyst_mike,2025-12-11T17:32:40,filter_change,ATK-0001,0,False,False,False,
18a77ac7-deaa-4dbe-af5a-e0edbd99ff74,analyst_mike,2025-12-11T17:32:42,click_respond,ATK-0001,0,False,False,False,
18a77ac7-deaa-4dbe-af5a-e0edbd99ff74,analyst_mike,2025-12-11T17:32:47,click_respond,ATK-0001,0,False,False,False,
18a77ac7-deaa-4dbe-af5a-e0edbd99ff74,analyst_mike,2025-12-11T17:32:51,confirm_action,ATK-0001,0,False,False,False,
18a77ac7-deaa-4dbe-af5a-e0edbd99ff74,analyst_mike,2025-12-11T17:33:42,view_alert_list,,0,,,,alerts
18a77ac7-deaa-4dbe-af5a-e0edbd99ff74,analyst_mike,2025-12-11T17:33:49,open_alert_details,ATK-0057,33630,False,False,,
18a77ac7-deaa-4dbe-af5a-e0edbd99ff74,analyst_mike,2025-12-11T17:33:50,search,ATK-0057,0,False,False,False,
18a77ac7-deaa-4dbe-af5a-e0edbd99ff74,analyst_mike,2025-12-11T17:34:00,filter_change,ATK-0057,0,False,False,False,
18a77ac7-deaa-4dbe-af5a-e0edbd99ff74,analyst_mike,2025-12-11T17:34:02,error_modal,ATK-0057,0,,,True,
18a77ac7-deaa-4dbe-af5a-e0edbd99ff74,analyst_mike,2025-12-11T17:34:03,back,ATK-0057,0,False,False,False,
18a77ac7-deaa-4dbe-af5a-e0edbd99ff74,analyst_mike,2025-12-11T17:34:06,click_respond,ATK-0057,0,False,False,False,
18a77ac7-deaa-4dbe-af5a-e0edbd99ff74,analyst_mike,2025-12-11T17:34:08,click_respond,ATK-0057,0,False,False,False,
18a77ac7-deaa-4dbe-af5a-e0edbd99ff74,analyst_mike,2025-12-11T17:34:12,confirm_action,ATK-0057,0,False,False,False,
5eac7bb3-f56e-468a-84de-eb7fd52ba793,soc_lead,2025-12-11T15:50:53,view_dashboard,,0,,,,overview
5eac7bb3-f56e-468a-84de-eb7fd52ba793,soc_lead,2025-12-11T15:51:18,view_alert_list,,0,,,,alerts
5eac7bb3-f56e-468a-84de-eb7fd52ba793,soc_lead,2025-12-11T15:51:30,open_alert_details,ATK-0066,27846,True,False,,
5eac7bb3-f56e-468a-84de-eb7fd52ba793,soc_lead,2025-12-11T15:51:35,filter_change,ATK-0066,0,False,False,False,
5eac7bb3-f56e-468a-84de-eb7fd52ba793,soc_lead,2025-12-11T15:51:37,dismiss_alert,ATK-0066,0,False,False,False,
5eac7bb3-f56e-468a-84de-eb7fd52ba793,soc_lead,2025-12-11T15:51:56,view_alert_list,,0,,,,alerts
5eac7bb3-f56e-468a-84de-eb7fd52ba793,soc_lead,2025-12-11T15:52:00,open_alert_details,ATK-0050,5638,False,False,,
5eac7bb3-f56e-468a-84de-eb7fd52ba793,soc_lead,2025-12-11T15:52:03,click_respond,ATK-0050,0,False,False,False,
5eac7bb3-f56e-468a-84de-eb7fd52ba793,soc_lead,2025-12-11T15:52:08,confirm_action,ATK-0050,0,False,False,False,
412a4b6b-a485-4791-af90-87682f2f58c3,analyst_john,2025-12-11T17:51:53,view_dashboard,,0,,,,overview
412a4b6b-a485-4791-af90-87682f2f58c3,analyst_john,2025-12-11T17:52:42,view_alert_list,,0,,,,alerts
412a4b6b-a485-4791-af90-87682f2f58c3,analyst_john,2025-12-11T17:52:52,open_alert_details,ATK-0067,27175,True,False,,
412a4b6b-a485-4791-af90-87682f2f58c3,analyst_john,2025-12-11T17:52:54,filter_change,ATK-0067,0,False,False,False,
412a4b6b-a485-4791-af90-87682f2f58c3,analyst_john,2025-12-11T17:52:59,filter_change,ATK-0067,0,False,False,False,
412a4b6b-a485-4791-af90-87682f2f58c3,analyst_john,2025-12-11T17:53:05,dismiss_alert,ATK-0067,0,False,False,False,
412a4b6b-a485-4791-af90-87682f2f58c3,analyst_john,2025-12-11T17:53:35,view_alert_list,,0,,,,alerts
412a4b6b-a485-4791-af90-87682f2f58c3,analyst_john,2025-12-11T17:53:43,open_alert_details,ATK-0054,7980,True,False,,
412a4b6b-a485-4791-af90-87682f2f58c3,analyst_john,2025-12-11T17:53:47,filter_change,ATK-0054,0,False,False,False,
412a4b6b-a485-4791-af90-87682f2f58c3,analyst_john,2025-12-11T17:53:52,filter_change,ATK-0054,0,False,False,False,
412a4b6b-a485-4791-af90-87682f2f58c3,analyst_john,2025-12-11T17:53:56,click_respond,ATK-0054,0,False,False,False,
412a4b6b-a485-4791-af90-87682f2f58c3,analyst_john,2025-12-11T17:54:02,confirm_action,ATK-0054,0,False,False,False,
b7485550-621e-4e75-bb0f-a0a645238880,soc_lead,2025-12-11T16:12:53,view_dashboard,,0,,,,overview
b7485550-621e-4e75-bb0f-a0a645238880,soc_lead,2025-12-11T16:13:39,view_alert_list,,0,,,,alerts
b7485550-621e-4e75-bb0f-a0a645238880,soc_lead,2025-12-11T16:13:51,open_alert_details,ATK-0072,3829,False,False,,
b7485550-621e-4e75-bb0f-a0a645238880,soc_lead,2025-12-11T16:13:54,click_respond,ATK-0072,0,False,False,False,
b7485550-621e-4e75-bb0f-a0a645238880,soc_lead,2025-12-11T16:13:59,click_respond,ATK-0072,0,False,False,False,
b7485550-621e-4e75-bb0f-a0a645238880,soc_lead,2025-12-11T16:14:02,confirm_action,ATK-0072,0,False,False,False,
6bf4a1fb-d575-4101-ab2c-fcf46e1f1ced,analyst_mike,2025-12-11T17:38:53,view_dashboard,,0,,,,overview
6bf4a1fb-d575-4101-ab2c-fcf46e1f1ced,analyst_mike,2025-12-11T17:39:25,view_alert_list,,0,,,,alerts
6bf4a1fb-d575-4101-ab2c-fcf46e1f1ced,analyst_mike,2025-12-11T17:39:45,open_alert_details,ATK-0067,20589,True,False,,
6bf4a1fb-d575-4101-ab2c-fcf46e1f1ced,analyst_mike,2025-12-11T17:39:48,click_respond,ATK-0067,0,False,False,False,
6bf4a1fb-d575-4101-ab2c-fcf46e1f1ced,analyst_mike,2025-12-11T17:39:53,click_respond,ATK-0067,0,False,False,False,
6bf4a1fb-d575-4101-ab2c-fcf46e1f1ced,analyst_mike,2025-12-11T17:39:59,confirm_action,ATK-0067,0,False,False,False,
6bf4a1fb-d575-4101-ab2c-fcf46e1f1ced,analyst_mike,2025-12-11T17:40:25,view_alert_list,,0,,,,alerts
6bf4a1fb-d575-4101-ab2c-fcf46e1f1ced,analyst_mike,2025-12-11T17:40:27,open_alert_details,ATK-0054,35394,False,True,,
6bf4a1fb-d575-4101-ab2c-fcf46e1f1ced,analyst_mike,2025-12-11T17:40:33,click_respond,ATK-0054,0,False,False,False,
6bf4a1fb-d575-4101-ab2c-fcf46e1f1ced,analyst_mike,2025-12-11T17:40:37,click_respond,ATK-0054,0,False,False,False,
6bf4a1fb-d575-4101-ab2c-fcf46e1f1ced,analyst_mike,2025-12-11T17:40:43,confirm_action,ATK-0054,0,False,False,False,
6bf4a1fb-d575-4101-ab2c-fcf46e1f1ced,analyst_mike,2025-12-11T17:41:21,view_alert_list,,0,,,,alerts
6bf4a1fb-d575-4101-ab2c-fcf46e1f1ced,analyst_mike,2025-12-11T17:41:29,open_alert_details,ATK-0002,8610,True,False,,
6bf4a1fb-d575-4101-ab2c-fcf46e1f1ced,analyst_mike,2025-12-11T17:41:37,filter_change,ATK-0002,0,False,False,False,
6bf4a1fb-d575-4101-ab2c-fcf46e1f1ced,analyst_mike,2025-12-11T17:41:42,click_respond,ATK-0002,0,False,False,False,
6bf4a1fb-d575-4101-ab2c-fcf46e1f1ced,analyst_mike,2025-12-11T17:41:44,click_respond,ATK-0002,0,False,False,False,
6bf4a1fb-d575-4101-ab2c-fcf46e1f1ced,analyst_mike,2025-12-11T17:41:46,confirm_action,ATK-0002,0,False,False,False,
6bf4a1fb-d575-4101-ab2c-fcf46e1f1ced,analyst_mike,2025-12-11T17:42:05,view_alert_list,,0,,,,alerts
6bf4a1fb-d575-4101-ab2c-fcf46e1f1ced,analyst_mike,2025-12-11T17:42:19,open_alert_details,ATK-0043,18945,True,False,,
6bf4a1fb-d575-4101-ab2c-fcf46e1f1ced,analyst_mike,2025-12-11T17:42:25,search,ATK-0043,0,False,False,False,
6bf4a1fb-d575-4101-ab2c-fcf46e1f1ced,analyst_mike,2025-12-11T17:42:34,search,ATK-0043,0,False,False,False,
6bf4a1fb-d575-4101-ab2c-fcf46e1f1ced,analyst_mike,2025-12-11T17:42:38,dismiss_alert,ATK-0043,0,False,False,False,
97589956-206d-4382-b399-02830a18389d,analyst_mike,2025-12-11T16:55:53,view_dashboard,,0,,,,overview
97589956-206d-4382-b399-02830a18389d,analyst_mike,2025-12-11T16:56:14,view_alert_list,,0,,,,alerts
97589956-206d-4382-b399-02830a18389d,analyst_mike,2025-12-11T16:56:23,open_alert_details,ATK-0045,10907,False,False,,
97589956-206d-4382-b399-02830a18389d,analyst_mike,2025-12-11T16:56:32,filter_change,ATK-0045,0,False,False,False,
97589956-206d-4382-b399-02830a18389d,analyst_mike,2025-12-11T16:56:36,filter_change,ATK-0045,0,False,False,False,
97589956-206d-4382-b399-02830a18389d,analyst_mike,2025-12-11T16:56:42,click_respond,ATK-0045,0,False,False,False,
97589956-206d-4382-b399-02830a18389d,analyst_mike,2025-12-11T16:56:48,click_respond,ATK-0045,0,False,False,False,
97589956-206d-4382-b399-02830a18389d,analyst_mike,2025-12-11T16:56:52,click_respond,ATK-0045,0,False,False,False,
97589956-206d-4382-b399-02830a18389d,analyst_mike,2025-12-11T16:56:54,confirm_action,ATK-0045,0,False,False,False,
97589956-206d-4382-b399-02830a18389d,analyst_mike,2025-12-11T16:57:17,view_alert_list,,0,,,,alerts
97589956-206d-4382-b399-02830a18389d,analyst_mike,2025-12-11T16:57:26,open_alert_details,ATK-0029,26650,True,False,,
97589956-206d-4382-b399-02830a18389d,analyst_mike,2025-12-11T16:57:28,click_respond,ATK-0029,0,False,False,False,
97589956-206d-4382-b399-02830a18389d,analyst_mike,2025-12-11T16:57:34,confirm_action,ATK-0029,0,False,False,False,
97589956-206d-4382-b399-02830a18389d,analyst_mike,2025-12-11T16:58:23,view_alert_list,,0,,,,alerts
97589956-206d-4382-b399-02830a18389d,analyst_mike,2025-12-11T16:58:29,open_alert_details,ATK-0043,44803,False,False,,
97589956-206d-4382-b399-02830a18389d,analyst_mike,2025-12-11T16:58:33,click_respond,ATK-0043,0,False,False,False,
97589956-206d-4382-b399-02830a18389d,analyst_mike,2025-12-11T16:58:36,click_respond,ATK-0043,0,False,False,False,
97589956-206d-4382-b399-02830a18389d,analyst_mike,2025-12-11T16:58:38,confirm_action,ATK-0043,0,False,False,False,
ad01ebbe-321c-4c19-ba8c-1dd70ec946d0,analyst_mike,2025-12-11T17:07:53,view_dashboard,,0,,,,overview
ad01ebbe-321c-4c19-ba8c-1dd70ec946d0,analyst_mike,2025-12-11T17:08:23,view_alert_list,,0,,,,alerts
ad01ebbe-321c-4c19-ba8c-1dd70ec946d0,analyst_mike,2025-12-11T17:08:40,open_alert_details,ATK-0010,7855,True,False,,
ad01ebbe-321c-4c19-ba8c-1dd70ec946d0,analyst_mike,2025-12-11T17:08:41,filter_change,ATK-0010,0,False,False,False,
ad01ebbe-321c-4c19-ba8c-1dd70ec946d0,analyst_mike,2025-12-11T17:08:44,search,ATK-0010,0,False,False,False,
ad01ebbe-321c-4c19-ba8c-1dd70ec946d0,analyst_mike,2025-12-11T17:08:46,error_modal,ATK-0010,0,,,True,
ad01ebbe-321c-4c19-ba8c-1dd70ec946d0,analyst_mike,2025-12-11T17:08:47,back,ATK-0010,0,False,False,False,
ad01ebbe-321c-4c19-ba8c-1dd70ec946d0,analyst_mike,2025-12-11T17:08:52,click_respond,ATK-0010,0,False,False,False,
ad01ebbe-321c-4c19-ba8c-1dd70ec946d0,analyst_mike,2025-12-11T17:08:58,click_respond,ATK-0010,0,False,False,False,
ad01ebbe-321c-4c19-ba8c-1dd70ec946d0,analyst_mike,2025-12-11T17:09:04,click_respond,ATK-0010,0,False,False,False,
ad01ebbe-321c-4c19-ba8c-1dd70ec946d0,analyst_mike,2025-12-11T17:09:10,confirm_action,ATK-0010,0,False,False,False,
9ece575d-d360-401b-bcc7-fc394ac53e18,analyst_sarah,2025-12-11T17:30:53,view_dashboard,,0,,,,overview
9ece575d-d360-401b-bcc7-fc394ac53e18,analyst_sarah,2025-12-11T17:31:26,view_alert_list,,0,,,,alerts
9ece575d-d360-401b-bcc7-fc394ac53e18,analyst_sarah,2025-12-11T17:31:37,open_alert_details,ATK-0065,41569,False,False,,
9ece575d-d360-401b-bcc7-fc394ac53e18,analyst_sarah,2025-12-11T17:31:38,filter_change,ATK-0065,0,False,False,False,
9ece575d-d360-401b-bcc7-fc394ac53e18,analyst_sarah,2025-12-11T17:31:42,filter_change,ATK-0065,0,False,False,False,
9ece575d-d360-401b-bcc7-fc394ac53e18,analyst_sarah,2025-12-11T17:31:45,click_respond,ATK-0065,0,False,False,False,
9ece575d-d360-401b-bcc7-fc394ac53e18,analyst_sarah,2025-12-11T17:31:51,confirm_action,ATK-0065,0,False,False,False,
9ece575d-d360-401b-bcc7-fc394ac53e18,analyst_sarah,2025-12-11T17:32:06,view_alert_list,,0,,,,alerts
9ece575d-d360-401b-bcc7-fc394ac53e18,analyst_sarah,2025-12-11T17:32:08,open_alert_details,ATK-0012,29772,True,False,,
9ece575d-d360-401b-bcc7-fc394ac53e18,analyst_sarah,2025-12-11T17:32:16,search,ATK-0012,0,False,False,False,
9ece575d-d360-401b-bcc7-fc394ac53e18,analyst_sarah,2025-12-11T17:32:17,filter_change,ATK-0012,0,False,False,False,
9ece575d-d360-401b-bcc7-fc394ac53e18,analyst_sarah,2025-12-11T17:32:19,click_respond,ATK-0012,0,False,False,False,
9ece575d-d360-401b-bcc7-fc394ac53e18,analyst_sarah,2025-12-11T17:32:22,click_respond,ATK-0012,0,False,False,False,
9ece575d-d360-401b-bcc7-fc394ac53e18,analyst_sarah,2025-12-11T17:32:26,confirm_action,ATK-0012,0,False,False,False,
9ece575d-d360-401b-bcc7-fc394ac53e18,analyst_sarah,2025-12-11T17:32:58,view_alert_list,,0,,,,alerts
9ece575d-d360-401b-bcc7-fc394ac53e18,analyst_sarah,2025-12-11T17:33:03,open_alert_details,ATK-0030,38688,True,False,,
9ece575d-d360-401b-bcc7-fc394ac53e18,analyst_sarah,2025-12-11T17:33:05,dismiss_alert,ATK-0030,0,False,False,False,
9ece575d-d360-401b-bcc7-fc394ac53e18,analyst_sarah,2025-12-11T17:33:20,view_alert_list,,0,,,,alerts
9ece575d-d360-401b-bcc7-fc394ac53e18,analyst_sarah,2025-12-11T17:33:31,open_alert_details,ATK-0009,41996,False,False,,
9ece575d-d360-401b-bcc7-fc394ac53e18,analyst_sarah,2025-12-11T17:33:39,filter_change,ATK-0009,0,False,False,False,
9ece575d-d360-401b-bcc7-fc394ac53e18,analyst_sarah,2025-12-11T17:33:43,click_respond,ATK-0009,0,False,False,False,
9ece575d-d360-401b-bcc7-fc394ac53e18,analyst_sarah,2025-12-11T17:33:49,click_respond,ATK-0009,0,False,False,False,
9ece575d-d360-401b-bcc7-fc394ac53e18,analyst_sarah,2025-12-11T17:33:55,confirm_action,ATK-0009,0,False,False,False,
21d9bc12-8ea5-4c7c-8b3d-36bc36c76aae,soc_lead,2025-12-11T16:47:53,view_dashboard,,0,,,,overview
21d9bc12-8ea5-4c7c-8b3d-36bc36c76aae,soc_lead,2025-12-11T16:48:25,view_alert_list,,0,,,,alerts
21d9bc12-8ea5-4c7c-8b3d-36bc36c76aae,soc_lead,2025-12-11T16:48:37,open_alert_details,ATK-0007,42564,True,False,,
21d9bc12-8ea5-4c7c-8b3d-36bc36c76aae,soc_lead,2025-12-11T16:48:43,click_respond,ATK-0007,0,False,False,False,
21d9bc12-8ea5-4c7c-8b3d-36bc36c76aae,soc_lead,2025-12-11T16:48:45,click_respond,ATK-0007,0,False,False,False,
21d9bc12-8ea5-4c7c-8b3d-36bc36c76aae,soc_lead,2025-12-11T16:48:49,click_respond,ATK-0007,0,False,False,False,
21d9bc12-8ea5-4c7c-8b3d-36bc36c76aae,soc_lead,2025-12-11T16:48:55,confirm_action,ATK-0007,0,False,False,False,
fd6bf500-1822-42c4-8bff-7ba5fe3a0f19,analyst_john,2025-12-11T14:32:53,view_dashboard,,0,,,,overview
fd6bf500-1822-42c4-8bff-7ba5fe3a0f19,analyst_john,2025-12-11T14:33:39,view_alert_list,,0,,,,alerts
fd6bf500-1822-42c4-8bff-7ba5fe3a0f19,analyst_john,2025-12-11T14:33:55,open_alert_details,ATK-0074,21229,True,False,,
fd6bf500-1822-42c4-8bff-7ba5fe3a0f19,analyst_john,2025-12-11T14:34:02,search,ATK-0074,0,False,False,False,
fd6bf500-1822-42c4-8bff-7ba5fe3a0f19,analyst_john,2025-12-11T14:34:04,search,ATK-0074,0,False,False,False,
fd6bf500-1822-42c4-8bff-7ba5fe3a0f19,analyst_john,2025-12-11T14:34:06,click_respond,ATK-0074,0,False,False,False,
fd6bf500-1822-42c4-8bff-7ba5fe3a0f19,analyst_john,2025-12-11T14:34:09,click_respond,ATK-0074,0,False,False,False,
fd6bf500-1822-42c4-8bff-7ba5fe3a0f19,analyst_john,2025-12-11T14:34:13,click_respond,ATK-0074,0,False,False,False,
fd6bf500-1822-42c4-8bff-7ba5fe3a0f19,analyst_john,2025-12-11T14:34:18,confirm_action,ATK-0074,0,False,False,False,
fd6bf500-1822-42c4-8bff-7ba5fe3a0f19,analyst_john,2025-12-11T14:34:41,view_alert_list,,0,,,,alerts
fd6bf500-1822-42c4-8bff-7ba5fe3a0f19,analyst_john,2025-12-11T14:34:55,open_alert_details,ATK-0071,39051,True,False,,
fd6bf500-1822-42c4-8bff-7ba5fe3a0f19,analyst_john,2025-12-11T14:35:01,click_respond,ATK-0071,0,False,False,False,
fd6bf500-1822-42c4-8bff-7ba5fe3a0f19,analyst_john,2025-12-11T14:35:03,click_respond,ATK-0071,0,False,False,False,
fd6bf500-1822-42c4-8bff-7ba5fe3a0f19,analyst_john,2025-12-11T14:35:09,confirm_action,ATK-0071,0,False,False,False,
fd6bf500-1822-42c4-8bff-7ba5fe3a0f19,analyst_john,2025-12-11T14:35:40,view_alert_list,,0,,,,alerts
fd6bf500-1822-42c4-8bff-7ba5fe3a0f19,analyst_john,2025-12-11T14:35:43,open_alert_details,ATK-0067,15293,True,False,,
fd6bf500-1822-42c4-8bff-7ba5fe3a0f19,analyst_john,2025-12-11T14:35:51,search,ATK-0067,0,False,False,False,
fd6bf500-1822-42c4-8bff-7ba5fe3a0f19,analyst_john,2025-12-11T14:35:52,filter_change,ATK-0067,0,False,False,False,
fd6bf500-1822-42c4-8bff-7ba5fe3a0f19,analyst_john,2025-12-11T14:35:57,click_respond,ATK-0067,0,False,False,False,
fd6bf500-1822-42c4-8bff-7ba5fe3a0f19,analyst_john,2025-12-11T14:36:02,click_respond,ATK-0067,0,False,False,False,
fd6bf500-1822-42c4-8bff-7ba5fe3a0f19,analyst_john,2025-12-11T14:36:04,confirm_action,ATK-0067,0,False,False,False,
fd6bf500-1822-42c4-8bff-7ba5fe3a0f19,analyst_john,2025-12-11T14:36:49,view_alert_list,,0,,,,alerts
fd6bf500-1822-42c4-8bff-7ba5fe3a0f19,analyst_john,2025-12-11T14:36:58,open_alert_details,ATK-0005,13379,True,False,,
fd6bf500-1822-42c4-8bff-7ba5fe3a0f19,analyst_john,2025-12-11T14:37:03,click_respond,ATK-0005,0,False,False,False,
fd6bf500-1822-42c4-8bff-7ba5fe3a0f19,analyst_john,2025-12-11T14:37:05,confirm_action,ATK-0005,0,False,False,False,
d7293c60-b1a9-4a40-9b95-3e85cace35f3,analyst_sarah,2025-12-11T17:18:53,view_dashboard,,0,,,,overview
d7293c60-b1a9-4a40-9b95-3e85cace35f3,analyst_sarah,2025-12-11T17:19:43,view_alert_list,,0,,,,alerts
d7293c60-b1a9-4a40-9b95-3e85cace35f3,analyst_sarah,2025-12-11T17:19:53,open_alert_details,ATK-0073,30229,False,False,,
d7293c60-b1a9-4a40-9b95-3e85cace35f3,analyst_sarah,2025-12-11T17:19:59,click_respond,ATK-0073,0,False,False,False,
d7293c60-b1a9-4a40-9b95-3e85cace35f3,analyst_sarah,2025-12-11T17:20:05,confirm_action,ATK-0073,0,False,False,False,
d7293c60-b1a9-4a40-9b95-3e85cace35f3,analyst_sarah,2025-12-11T17:21:05,view_alert_list,,0,,,,alerts
d7293c60-b1a9-4a40-9b95-3e85cace35f3,analyst_sarah,2025-12-11T17:21:09,open_alert_details,ATK-0022,21104,False,False,,
d7293c60-b1a9-4a40-9b95-3e85cace35f3,analyst_sarah,2025-12-11T17:21:18,search,ATK-0022,0,False,False,False,
d7293c60-b1a9-4a40-9b95-3e85cace35f3,analyst_sarah,2025-12-11T17:21:24,click_respond,ATK-0022,0,False,False,False,
d7293c60-b1a9-4a40-9b95-3e85cace35f3,analyst_sarah,2025-12-11T17:21:30,click_respond,ATK-0022,0,False,False,False,
d7293c60-b1a9-4a40-9b95-3e85cace35f3,analyst_sarah,2025-12-11T17:21:35,confirm_action,ATK-0022,0,False,False,False,
d7293c60-b1a9-4a40-9b95-3e85cace35f3,analyst_sarah,2025-12-11T17:22:08,view_alert_list,,0,,,,alerts
d7293c60-b1a9-4a40-9b95-3e85cace35f3,analyst_sarah,2025-12-11T17:22:27,open_alert_details,ATK-0024,34741,True,False,,
d7293c60-b1a9-4a40-9b95-3e85cace35f3,analyst_sarah,2025-12-11T17:22:36,search,ATK-0024,0,False,False,False,
d7293c60-b1a9-4a40-9b95-3e85cace35f3,analyst_sarah,2025-12-11T17:22:44,search,ATK-0024,0,False,False,False,
d7293c60-b1a9-4a40-9b95-3e85cace35f3,analyst_sarah,2025-12-11T17:22:47,dismiss_alert,ATK-0024,0,False,False,False,
fba17827-5b91-4420-8b03-cd0ea42590b6,soc_lead,2025-12-11T15:02:53,view_dashboard,,0,,,,overview
fba17827-5b91-4420-8b03-cd0ea42590b6,soc_lead,2025-12-11T15:03:18,view_alert_list,,0,,,,alerts
fba17827-5b91-4420-8b03-cd0ea42590b6,soc_lead,2025-12-11T15:03:35,open_alert_details,ATK-0007,27984,True,False,,
fba17827-5b91-4420-8b03-cd0ea42590b6,soc_lead,2025-12-11T15:03:38,search,ATK-0007,0,False,False,False,
fba17827-5b91-4420-8b03-cd0ea42590b6,soc_lead,2025-12-11T15:03:39,filter_change,ATK-0007,0,False,False,False,
fba17827-5b91-4420-8b03-cd0ea42590b6,soc_lead,2025-12-11T15:03:44,click_respond,ATK-0007,0,False,False,False,
fba17827-5b91-4420-8b03-cd0ea42590b6,soc_lead,2025-12-11T15:03:46,confirm_action,ATK-0007,0,False,False,False,
fba17827-5b91-4420-8b03-cd0ea42590b6,soc_lead,2025-12-11T15:04:20,view_alert_list,,0,,,,alerts
fba17827-5b91-4420-8b03-cd0ea42590b6,soc_lead,2025-12-11T15:04:22,open_alert_details,ATK-0075,12447,True,False,,
fba17827-5b91-4420-8b03-cd0ea42590b6,soc_lead,2025-12-11T15:04:25,filter_change,ATK-0075,0,False,False,False,
fba17827-5b91-4420-8b03-cd0ea42590b6,soc_lead,2025-12-11T15:04:33,search,ATK-0075,0,False,False,False,
fba17827-5b91-4420-8b03-cd0ea42590b6,soc_lead,2025-12-11T15:04:35,click_respond,ATK-0075,0,False,False,False,
fba17827-5b91-4420-8b03-cd0ea42590b6,soc_lead,2025-12-11T15:04:39,click_respond,ATK-0075,0,False,False,False,
fba17827-5b91-4420-8b03-cd0ea42590b6,soc_lead,2025-12-11T15:04:45,click_respond,ATK-0075,0,False,False,False,
fba17827-5b91-4420-8b03-cd0ea42590b6,soc_lead,2025-12-11T15:04:50,confirm_action,ATK-0075,0,False,False,False,
fba17827-5b91-4420-8b03-cd0ea42590b6,soc_lead,2025-12-11T15:05:35,view_alert_list,,0,,,,alerts
fba17827-5b91-4420-8b03-cd0ea42590b6,soc_lead,2025-12-11T15:05:52,open_alert_details,ATK-0046,38456,True,False,,
fba17827-5b91-4420-8b03-cd0ea42590b6,soc_lead,2025-12-11T15:05:55,click_respond,ATK-0046,0,False,False,False,
fba17827-5b91-4420-8b03-cd0ea42590b6,soc_lead,2025-12-11T15:05:57,click_respond,ATK-0046,0,False,False,False,
fba17827-5b91-4420-8b03-cd0ea42590b6,soc_lead,2025-12-11T15:06:02,confirm_action,ATK-0046,0,False,False,False,
fba17827-5b91-4420-8b03-cd0ea42590b6,soc_lead,2025-12-11T15:06:55,view_alert_list,,0,,,,alerts
fba17827-5b91-4420-8b03-cd0ea42590b6,soc_lead,2025-12-11T15:07:00,open_alert_details,ATK-0015,32076,True,False,,
fba17827-5b91-4420-8b03-cd0ea42590b6,soc_lead,2025-12-11T15:07:01,filter_change,ATK-0015,0,False,False,False,
fba17827-5b91-4420-8b03-cd0ea42590b6,soc_lead,2025-12-11T15:07:05,click_respond,ATK-0015,0,False,False,False,
fba17827-5b91-4420-8b03-cd0ea42590b6,soc_lead,2025-12-11T15:07:10,click_respond,ATK-0015,0,False,False,False,
fba17827-5b91-4420-8b03-cd0ea42590b6,soc_lead,2025-12-11T15:07:13,confirm_action,ATK-0015,0,False,False,False,
d3ebcfec-0b70-41da-b8ad-51e357a018be,analyst_sarah,2025-12-11T17:34:53,view_dashboard,,0,,,,overview
d3ebcfec-0b70-41da-b8ad-51e357a018be,analyst_sarah,2025-12-11T17:35:08,view_alert_list,,0,,,,alerts
d3ebcfec-0b70-41da-b8ad-51e357a018be,analyst_sarah,2025-12-11T17:35:15,open_alert_details,ATK-0028,8175,False,False,,
d3ebcfec-0b70-41da-b8ad-51e357a018be,analyst_sarah,2025-12-11T17:35:19,search,ATK-0028,0,False,False,False,
d3ebcfec-0b70-41da-b8ad-51e357a018be,analyst_sarah,2025-12-11T17:35:29,filter_change,ATK-0028,0,False,False,False,
d3ebcfec-0b70-41da-b8ad-51e357a018be,analyst_sarah,2025-12-11T17:35:33,click_respond,ATK-0028,0,False,False,False,
d3ebcfec-0b70-41da-b8ad-51e357a018be,analyst_sarah,2025-12-11T17:35:35,click_respond,ATK-0028,0,False,False,False,
d3ebcfec-0b70-41da-b8ad-51e357a018be,analyst_sarah,2025-12-11T17:35:40,confirm_action,ATK-0028,0,False,False,False,
d3ebcfec-0b70-41da-b8ad-51e357a018be,analyst_sarah,2025-12-11T17:36:28,view_alert_list,,0,,,,alerts
d3ebcfec-0b70-41da-b8ad-51e357a018be,analyst_sarah,2025-12-11T17:36:47,open_alert_details,ATK-0042,13353,True,False,,
d3ebcfec-0b70-41da-b8ad-51e357a018be,analyst_sarah,2025-12-11T17:36:57,search,ATK-0042,0,False,False,False,
d3ebcfec-0b70-41da-b8ad-51e357a018be,analyst_sarah,2025-12-11T17:37:02,click_respond,ATK-0042,0,False,False,False,
d3ebcfec-0b70-41da-b8ad-51e357a018be,analyst_sarah,2025-12-11T17:37:06,click_respond,ATK-0042,0,False,False,False,
d3ebcfec-0b70-41da-b8ad-51e357a018be,analyst_sarah,2025-12-11T17:37:09,confirm_action,ATK-0042,0,False,False,False,
d3ebcfec-0b70-41da-b8ad-51e357a018be,analyst_sarah,2025-12-11T17:38:08,view_alert_list,,0,,,,alerts
d3ebcfec-0b70-41da-b8ad-51e357a018be,analyst_sarah,2025-12-11T17:38:25,open_alert_details,ATK-0055,9989,True,False,,
d3ebcfec-0b70-41da-b8ad-51e357a018be,analyst_sarah,2025-12-11T17:38:31,search,ATK-0055,0,False,False,False,
d3ebcfec-0b70-41da-b8ad-51e357a018be,analyst_sarah,2025-12-11T17:38:36,filter_change,ATK-0055,0,False,False,False,
d3ebcfec-0b70-41da-b8ad-51e357a018be,analyst_sarah,2025-12-11T17:38:38,click_respond,ATK-0055,0,False,False,False,
d3ebcfec-0b70-41da-b8ad-51e357a018be,analyst_sarah,2025-12-11T17:38:44,click_respond,ATK-0055,0,False,False,False,
d3ebcfec-0b70-41da-b8ad-51e357a018be,analyst_sarah,2025-12-11T17:38:46,confirm_action,ATK-0055,0,False,False,False,
d3ebcfec-0b70-41da-b8ad-51e357a018be,analyst_sarah,2025-12-11T17:39:44,view_alert_list,,0,,,,alerts
d3ebcfec-0b70-41da-b8ad-51e357a018be,analyst_sarah,2025-12-11T17:39:55,open_alert_details,ATK-0071,18081,False,False,,
d3ebcfec-0b70-41da-b8ad-51e357a018be,analyst_sarah,2025-12-11T17:39:59,search,ATK-0071,0,False,False,False,
d3ebcfec-0b70-41da-b8ad-51e357a018be,analyst_sarah,2025-12-11T17:40:02,filter_change,ATK-0071,0,False,False,False,
d3ebcfec-0b70-41da-b8ad-51e357a018be,analyst_sarah,2025-12-11T17:40:07,click_respond,ATK-0071,0,False,False,False,
d3ebcfec-0b70-41da-b8ad-51e357a018be,analyst_sarah,2025-12-11T17:40:09,click_respond,ATK-0071,0,False,False,False,
d3ebcfec-0b70-41da-b8ad-51e357a018be,analyst_sarah,2025-12-11T17:40:15,confirm_action,ATK-0071,0,False,False,False,
0c95c993-5aa5-4444-9c55-2a2f89ac46a4,analyst_mike,2025-12-11T14:10:53,view_dashboard,,0,,,,overview
0c95c993-5aa5-4444-9c55-2a2f89ac46a4,analyst_mike,2025-12-11T14:11:18,view_alert_list,,0,,,,alerts
0c95c993-5aa5-4444-9c55-2a2f89ac46a4,analyst_mike,2025-12-11T14:11:33,open_alert_details,ATK-0043,14510,True,False,,
0c95c993-5aa5-4444-9c55-2a2f89ac46a4,analyst_mike,2025-12-11T14:11:39,search,ATK-0043,0,False,False,False,
0c95c993-5aa5-4444-9c55-2a2f89ac46a4,analyst_mike,2025-12-11T14:11:42,search,ATK-0043,0,False,False,False,
0c95c993-5aa5-4444-9c55-2a2f89ac46a4,analyst_mike,2025-12-11T14:11:50,dismiss_alert,ATK-0043,0,False,False,False,
7c0eddea-04de-431a-a799-f6717ce44a20,analyst_mike,2025-12-11T15:56:53,view_dashboard,,0,,,,overview
7c0eddea-04de-431a-a799-f6717ce44a20,analyst_mike,2025-12-11T15:57:02,view_alert_list,,0,,,,alerts
7c0eddea-04de-431a-a799-f6717ce44a20,analyst_mike,2025-12-11T15:57:08,open_alert_details,ATK-0067,17785,False,False,,
7c0eddea-04de-431a-a799-f6717ce44a20,analyst_mike,2025-12-11T15:57:17,search,ATK-0067,0,False,False,False,
7c0eddea-04de-431a-a799-f6717ce44a20,analyst_mike,2025-12-11T15:57:19,error_modal,ATK-0067,0,,,True,
7c0eddea-04de-431a-a799-f6717ce44a20,analyst_mike,2025-12-11T15:57:20,back,ATK-0067,0,False,False,False,
7c0eddea-04de-431a-a799-f6717ce44a20,analyst_mike,2025-12-11T15:57:26,click_respond,ATK-0067,0,False,False,False,
7c0eddea-04de-431a-a799-f6717ce44a20,analyst_mike,2025-12-11T15:57:28,click_respond,ATK-0067,0,False,False,False,
7c0eddea-04de-431a-a799-f6717ce44a20,analyst_mike,2025-12-11T15:57:33,confirm_action,ATK-0067,0,False,False,False,
76a33e72-fc43-4513-b5c8-c2ced74033dd,analyst_mike,2025-12-11T15:17:53,view_dashboard,,0,,,,overview
76a33e72-fc43-4513-b5c8-c2ced74033dd,analyst_mike,2025-12-11T15:18:50,view_alert_list,,0,,,,alerts
76a33e72-fc43-4513-b5c8-c2ced74033dd,analyst_mike,2025-12-11T15:19:03,open_alert_details,ATK-0054,10100,False,False,,
76a33e72-fc43-4513-b5c8-c2ced74033dd,analyst_mike,2025-12-11T15:19:12,search,ATK-0054,0,False,False,False,
76a33e72-fc43-4513-b5c8-c2ced74033dd,analyst_mike,2025-12-11T15:19:22,filter_change,ATK-0054,0,False,False,False,
76a33e72-fc43-4513-b5c8-c2ced74033dd,analyst_mike,2025-12-11T15:19:26,click_respond,ATK-0054,0,False,False,False,
76a33e72-fc43-4513-b5c8-c2ced74033dd,analyst_mike,2025-12-11T15:19:31,click_respond,ATK-0054,0,False,False,False,
76a33e72-fc43-4513-b5c8-c2ced74033dd,analyst_mike,2025-12-11T15:19:33,confirm_action,ATK-0054,0,False,False,False,
76a33e72-fc43-4513-b5c8-c2ced74033dd,analyst_mike,2025-12-11T15:19:40,view_alert_list,,0,,,,alerts
76a33e72-fc43-4513-b5c8-c2ced74033dd,analyst_mike,2025-12-11T15:19:43,open_alert_details,ATK-0022,22946,False,True,,
76a33e72-fc43-4513-b5c8-c2ced74033dd,analyst_mike,2025-12-11T15:19:47,click_respond,ATK-0022,0,False,False,False,
76a33e72-fc43-4513-b5c8-c2ced74033dd,analyst_mike,2025-12-11T15:19:53,click_respond,ATK-0022,0,False,False,False,
76a33e72-fc43-4513-b5c8-c2ced74033dd,analyst_mike,2025-12-11T15:19:58,confirm_action,ATK-0022,0,False,False,False,
76a33e72-fc43-4513-b5c8-c2ced74033dd,analyst_mike,2025-12-11T15:20:29,view_alert_list,,0,,,,alerts
76a33e72-fc43-4513-b5c8-c2ced74033dd,analyst_mike,2025-12-11T15:20:34,open_alert_details,ATK-0024,35069,False,False,,
76a33e72-fc43-4513-b5c8-c2ced74033dd,analyst_mike,2025-12-11T15:20:35,search,ATK-0024,0,False,False,False,
76a33e72-fc43-4513-b5c8-c2ced74033dd,analyst_mike,2025-12-11T15:20:39,click_respond,ATK-0024,0,False,False,False,
76a33e72-fc43-4513-b5c8-c2ced74033dd,analyst_mike,2025-12-11T15:20:41,confirm_action,ATK-0024,0,False,False,False,
76a33e72-fc43-4513-b5c8-c2ced74033dd,analyst_mike,2025-12-11T15:21:20,view_alert_list,,0,,,,alerts
76a33e72-fc43-4513-b5c8-c2ced74033dd,analyst_mike,2025-12-11T15:21:33,open_alert_details,ATK-0053,6968,True,False,,
76a33e72-fc43-4513-b5c8-c2ced74033dd,analyst_mike,2025-12-11T15:21:41,dismiss_alert,ATK-0053,0,False,False,False,
76a33e72-fc43-4513-b5c8-c2ced74033dd,analyst_mike,2025-12-11T15:21:51,view_alert_list,,0,,,,alerts
76a33e72-fc43-4513-b5c8-c2ced74033dd,analyst_mike,2025-12-11T15:21:59,open_alert_details,ATK-0066,44909,True,False,,
76a33e72-fc43-4513-b5c8-c2ced74033dd,analyst_mike,2025-12-11T15:22:01,error_modal,ATK-0066,0,,,True,
76a33e72-fc43-4513-b5c8-c2ced74033dd,analyst_mike,2025-12-11T15:22:02,back,ATK-0066,0,False,False,False,
76a33e72-fc43-4513-b5c8-c2ced74033dd,analyst_mike,2025-12-11T15:22:08,click_respond,ATK-0066,0,False,False,False,
76a33e72-fc43-4513-b5c8-c2ced74033dd,analyst_mike,2025-12-11T15:22:11,confirm_action,ATK-0066,0,False,False,False,
b77a1e06-130c-4ae6-9cda-1fe03c08c921,analyst_john,2025-12-11T17:46:53,view_dashboard,,0,,,,overview
b77a1e06-130c-4ae6-9cda-1fe03c08c921,analyst_john,2025-12-11T17:47:50,view_alert_list,,0,,,,alerts
b77a1e06-130c-4ae6-9cda-1fe03c08c921,analyst_john,2025-12-11T17:47:59,open_alert_details,ATK-0033,24532,False,False,,
b77a1e06-130c-4ae6-9cda-1fe03c08c921,analyst_john,2025-12-11T17:48:00,search,ATK-0033,0,False,False,False,
b77a1e06-130c-4ae6-9cda-1fe03c08c921,analyst_john,2025-12-11T17:48:03,filter_change,ATK-0033,0,False,False,False,
b77a1e06-130c-4ae6-9cda-1fe03c08c921,analyst_john,2025-12-11T17:48:05,dismiss_alert,ATK-0033,0,False,False,False,
b77a1e06-130c-4ae6-9cda-1fe03c08c921,analyst_john,2025-12-11T17:48:18,view_alert_list,,0,,,,alerts
b77a1e06-130c-4ae6-9cda-1fe03c08c921,analyst_john,2025-12-11T17:48:20,open_alert_details,ATK-0005,26477,False,False,,
b77a1e06-130c-4ae6-9cda-1fe03c08c921,analyst_john,2025-12-11T17:48:21,filter_change,ATK-0005,0,False,False,False,
b77a1e06-130c-4ae6-9cda-1fe03c08c921,analyst_john,2025-12-11T17:48:27,click_respond,ATK-0005,0,False,False,False,
b77a1e06-130c-4ae6-9cda-1fe03c08c921,analyst_john,2025-12-11T17:48:29,click_respond,ATK-0005,0,False,False,False,
b77a1e06-130c-4ae6-9cda-1fe03c08c921,analyst_john,2025-12-11T17:48:31,confirm_action,ATK-0005,0,False,False,False,
b23af838-cc75-450a-9996-709fd5bfe7aa,soc_lead,2025-12-11T16:52:53,view_dashboard,,0,,,,overview
b23af838-cc75-450a-9996-709fd5bfe7aa,soc_lead,2025-12-11T16:53:35,view_alert_list,,0,,,,alerts
b23af838-cc75-450a-9996-709fd5bfe7aa,soc_lead,2025-12-11T16:53:40,open_alert_details,ATK-0073,32622,True,False,,
b23af838-cc75-450a-9996-709fd5bfe7aa,soc_lead,2025-12-11T16:53:41,search,ATK-0073,0,False,False,False,
b23af838-cc75-450a-9996-709fd5bfe7aa,soc_lead,2025-12-11T16:53:49,filter_change,ATK-0073,0,False,False,False,
b23af838-cc75-450a-9996-709fd5bfe7aa,soc_lead,2025-12-11T16:53:51,error_modal,ATK-0073,0,,,True,
b23af838-cc75-450a-9996-709fd5bfe7aa,soc_lead,2025-12-11T16:53:52,back,ATK-0073,0,False,False,False,
b23af838-cc75-450a-9996-709fd5bfe7aa,soc_lead,2025-12-11T16:53:57,click_respond,ATK-0073,0,False,False,False,
b23af838-cc75-450a-9996-709fd5bfe7aa,soc_lead,2025-12-11T16:53:59,click_respond,ATK-0073,0,False,False,False,
b23af838-cc75-450a-9996-709fd5bfe7aa,soc_lead,2025-12-11T16:54:04,confirm_action,ATK-0073,0,False,False,False,
b23af838-cc75-450a-9996-709fd5bfe7aa,soc_lead,2025-12-11T16:54:13,view_alert_list,,0,,,,alerts
b23af838-cc75-450a-9996-709fd5bfe7aa,soc_lead,2025-12-11T16:54:17,open_alert_details,ATK-0064,24109,False,True,,
b23af838-cc75-450a-9996-709fd5bfe7aa,soc_lead,2025-12-11T16:54:27,search,ATK-0064,0,False,False,False,
b23af838-cc75-450a-9996-709fd5bfe7aa,soc_lead,2025-12-11T16:54:32,click_respond,ATK-0064,0,False,False,False,
b23af838-cc75-450a-9996-709fd5bfe7aa,soc_lead,2025-12-11T16:54:38,click_respond,ATK-0064,0,False,False,False,
b23af838-cc75-450a-9996-709fd5bfe7aa,soc_lead,2025-12-11T16:54:44,confirm_action,ATK-0064,0,False,False,False,
b23af838-cc75-450a-9996-709fd5bfe7aa,soc_lead,2025-12-11T16:54:55,view_alert_list,,0,,,,alerts
b23af838-cc75-450a-9996-709fd5bfe7aa,soc_lead,2025-12-11T16:55:00,open_alert_details,ATK-0062,39132,False,False,,
b23af838-cc75-450a-9996-709fd5bfe7aa,soc_lead,2025-12-11T16:55:04,search,ATK-0062,0,False,False,False,
b23af838-cc75-450a-9996-709fd5bfe7aa,soc_lead,2025-12-11T16:55:06,click_respond,ATK-0062,0,False,False,False,
b23af838-cc75-450a-9996-709fd5bfe7aa,soc_lead,2025-12-11T16:55:10,click_respond,ATK-0062,0,False,False,False,
b23af838-cc75-450a-9996-709fd5bfe7aa,soc_lead,2025-12-11T16:55:15,confirm_action,ATK-0062,0,False,False,False,
a8155e86-fecd-49d9-97a3-37f4adcdbff1,analyst_mike,2025-12-11T15:13:53,view_dashboard,,0,,,,overview
a8155e86-fecd-49d9-97a3-37f4adcdbff1,analyst_mike,2025-12-11T15:14:41,view_alert_list,,0,,,,alerts
a8155e86-fecd-49d9-97a3-37f4adcdbff1,analyst_mike,2025-12-11T15:14:58,open_alert_details,ATK-0024,7399,True,False,,
a8155e86-fecd-49d9-97a3-37f4adcdbff1,analyst_mike,2025-12-11T15:15:00,error_modal,ATK-0024,0,,,True,
a8155e86-fecd-49d9-97a3-37f4adcdbff1,analyst_mike,2025-12-11T15:15:01,back,ATK-0024,0,False,False,False,
a8155e86-fecd-49d9-97a3-37f4adcdbff1,analyst_mike,2025-12-11T15:15:05,click_respond,ATK-0024,0,False,False,False,
a8155e86-fecd-49d9-97a3-37f4adcdbff1,analyst_mike,2025-12-11T15:15:08,click_respond,ATK-0024,0,False,False,False,
a8155e86-fecd-49d9-97a3-37f4adcdbff1,analyst_mike,2025-12-11T15:15:14,click_respond,ATK-0024,0,False,False,False,
a8155e86-fecd-49d9-97a3-37f4adcdbff1,analyst_mike,2025-12-11T15:15:16,confirm_action,ATK-0024,0,False,False,False,
a8155e86-fecd-49d9-97a3-37f4adcdbff1,analyst_mike,2025-12-11T15:15:56,view_alert_list,,0,,,,alerts
a8155e86-fecd-49d9-97a3-37f4adcdbff1,analyst_mike,2025-12-11T15:16:08,open_alert_details,ATK-0080,11010,True,False,,
a8155e86-fecd-49d9-97a3-37f4adcdbff1,analyst_mike,2025-12-11T15:16:15,filter_change,ATK-0080,0,False,False,False,
a8155e86-fecd-49d9-97a3-37f4adcdbff1,analyst_mike,2025-12-11T15:16:20,search,ATK-0080,0,False,False,False,
a8155e86-fecd-49d9-97a3-37f4adcdbff1,analyst_mike,2025-12-11T15:16:23,click_respond,ATK-0080,0,False,False,False,
a8155e86-fecd-49d9-97a3-37f4adcdbff1,analyst_mike,2025-12-11T15:16:28,confirm_action,ATK-0080,0,False,False,False,
a8155e86-fecd-49d9-97a3-37f4adcdbff1,analyst_mike,2025-12-11T15:17:27,view_alert_list,,0,,,,alerts
a8155e86-fecd-49d9-97a3-37f4adcdbff1,analyst_mike,2025-12-11T15:17:32,open_alert_details,ATK-0034,25945,False,False,,
a8155e86-fecd-49d9-97a3-37f4adcdbff1,analyst_mike,2025-12-11T15:17:42,filter_change,ATK-0034,0,False,False,False,
a8155e86-fecd-49d9-97a3-37f4adcdbff1,analyst_mike,2025-12-11T15:17:50,dismiss_alert,ATK-0034,0,False,False,False,
c319bcaf-79c5-4018-9924-55365bf3050c,analyst_john,2025-12-11T15:19:53,view_dashboard,,0,,,,overview
c319bcaf-79c5-4018-9924-55365bf3050c,analyst_john,2025-12-11T15:20:15,view_alert_list,,0,,,,alerts
c319bcaf-79c5-4018-9924-55365bf3050c,analyst_john,2025-12-11T15:20:26,open_alert_details,ATK-0028,25270,True,False,,
c319bcaf-79c5-4018-9924-55365bf3050c,analyst_john,2025-12-11T15:20:28,click_respond,ATK-0028,0,False,False,False,
c319bcaf-79c5-4018-9924-55365bf3050c,analyst_john,2025-12-11T15:20:31,click_respond,ATK-0028,0,False,False,False,
c319bcaf-79c5-4018-9924-55365bf3050c,analyst_john,2025-12-11T15:20:33,confirm_action,ATK-0028,0,False,False,False,
a2566635-bb30-497a-a0c2-d6e186825ef5,analyst_john,2025-12-11T17:34:53,view_dashboard,,0,,,,overview
a2566635-bb30-497a-a0c2-d6e186825ef5,analyst_john,2025-12-11T17:35:24,view_alert_list,,0,,,,alerts
a2566635-bb30-497a-a0c2-d6e186825ef5,analyst_john,2025-12-11T17:35:40,open_alert_details,ATK-0054,25340,True,False,,
a2566635-bb30-497a-a0c2-d6e186825ef5,analyst_john,2025-12-11T17:35:46,filter_change,ATK-0054,0,False,False,False,
a2566635-bb30-497a-a0c2-d6e186825ef5,analyst_john,2025-12-11T17:35:48,click_respond,ATK-0054,0,False,False,False,
a2566635-bb30-497a-a0c2-d6e186825ef5,analyst_john,2025-12-11T17:35:50,click_respond,ATK-0054,0,False,False,False,
a2566635-bb30-497a-a0c2-d6e186825ef5,analyst_john,2025-12-11T17:35:54,click_respond,ATK-0054,0,False,False,False,
a2566635-bb30-497a-a0c2-d6e186825ef5,analyst_john,2025-12-11T17:35:59,confirm_action,ATK-0054,0,False,False,False,
a2566635-bb30-497a-a0c2-d6e186825ef5,analyst_john,2025-12-11T17:36:35,view_alert_list,,0,,,,alerts
a2566635-bb30-497a-a0c2-d6e186825ef5,analyst_john,2025-12-11T17:36:51,open_alert_details,ATK-0061,30143,True,False,,
a2566635-bb30-497a-a0c2-d6e186825ef5,analyst_john,2025-12-11T17:36:53,search,ATK-0061,0,False,False,False,
a2566635-bb30-497a-a0c2-d6e186825ef5,analyst_john,2025-12-11T17:37:00,filter_change,ATK-0061,0,False,False,False,
a2566635-bb30-497a-a0c2-d6e186825ef5,analyst_john,2025-12-11T17:37:06,click_respond,ATK-0061,0,False,False,False,
a2566635-bb30-497a-a0c2-d6e186825ef5,analyst_john,2025-12-11T17:37:10,click_respond,ATK-0061,0,False,False,False,
a2566635-bb30-497a-a0c2-d6e186825ef5,analyst_john,2025-12-11T17:37:12,confirm_action,ATK-0061,0,False,False,False,
461f455c-326d-4ede-9984-6504929c584e,analyst_sarah,2025-12-11T16:25:53,view_dashboard,,0,,,,overview
461f455c-326d-4ede-9984-6504929c584e,analyst_sarah,2025-12-11T16:25:58,view_alert_list,,0,,,,alerts
461f455c-326d-4ede-9984-6504929c584e,analyst_sarah,2025-12-11T16:26:06,open_alert_details,ATK-0009,22753,False,False,,
461f455c-326d-4ede-9984-6504929c584e,analyst_sarah,2025-12-11T16:26:11,search,ATK-0009,0,False,False,False,
461f455c-326d-4ede-9984-6504929c584e,analyst_sarah,2025-12-11T16:26:14,click_respond,ATK-0009,0,False,False,False,
461f455c-326d-4ede-9984-6504929c584e,analyst_sarah,2025-12-11T16:26:17,click_respond,ATK-0009,0,False,False,False,
461f455c-326d-4ede-9984-6504929c584e,analyst_sarah,2025-12-11T16:26:22,confirm_action,ATK-0009,0,False,False,False,
461f455c-326d-4ede-9984-6504929c584e,analyst_sarah,2025-12-11T16:27:12,view_alert_list,,0,,,,alerts
461f455c-326d-4ede-9984-6504929c584e,analyst_sarah,2025-12-11T16:27:21,open_alert_details,ATK-0076,35785,True,False,,
461f455c-326d-4ede-9984-6504929c584e,analyst_sarah,2025-12-11T16:27:27,filter_change,ATK-0076,0,False,False,False,
461f455c-326d-4ede-9984-6504929c584e,analyst_sarah,2025-12-11T16:27:34,filter_change,ATK-0076,0,False,False,False,
461f455c-326d-4ede-9984-6504929c584e,analyst_sarah,2025-12-11T16:27:38,click_respond,ATK-0076,0,False,False,False,
461f455c-326d-4ede-9984-6504929c584e,analyst_sarah,2025-12-11T16:27:44,confirm_action,ATK-0076,0,False,False,False,
461f455c-326d-4ede-9984-6504929c584e,analyst_sarah,2025-12-11T16:28:25,view_alert_list,,0,,,,alerts
461f455c-326d-4ede-9984-6504929c584e,analyst_sarah,2025-12-11T16:28:39,open_alert_details,ATK-0061,44952,True,False,,
461f455c-326d-4ede-9984-6504929c584e,analyst_sarah,2025-12-11T16:28:42,dismiss_alert,ATK-0061,0,False,False,False,
461f455c-326d-4ede-9984-6504929c584e,analyst_sarah,2025-12-11T16:29:40,view_alert_list,,0,,,,alerts
461f455c-326d-4ede-9984-6504929c584e,analyst_sarah,2025-12-11T16:29:53,open_alert_details,ATK-0066,8775,True,False,,
461f455c-326d-4ede-9984-6504929c584e,analyst_sarah,2025-12-11T16:29:55,click_respond,ATK-0066,0,False,False,False,
461f455c-326d-4ede-9984-6504929c584e,analyst_sarah,2025-12-11T16:30:00,click_respond,ATK-0066,0,False,False,False,
461f455c-326d-4ede-9984-6504929c584e,analyst_sarah,2025-12-11T16:30:04,click_respond,ATK-0066,0,False,False,False,
461f455c-326d-4ede-9984-6504929c584e,analyst_sarah,2025-12-11T16:30:08,confirm_action,ATK-0066,0,False,False,False,
461f455c-326d-4ede-9984-6504929c584e,analyst_sarah,2025-12-11T16:30:34,view_alert_list,,0,,,,alerts
461f455c-326d-4ede-9984-6504929c584e,analyst_sarah,2025-12-11T16:30:41,open_alert_details,ATK-0034,8005,True,False,,
461f455c-326d-4ede-9984-6504929c584e,analyst_sarah,2025-12-11T16:30:45,click_respond,ATK-0034,0,False,False,False,
461f455c-326d-4ede-9984-6504929c584e,analyst_sarah,2025-12-11T16:30:48,click_respond,ATK-0034,0,False,False,False,
461f455c-326d-4ede-9984-6504929c584e,analyst_sarah,2025-12-11T16:30:51,confirm_action,ATK-0034,0,False,False,False,
cb8f6402-2ad9-4720-bc3c-029e40138b6e,analyst_john,2025-12-11T14:17:53,view_dashboard,,0,,,,overview
cb8f6402-2ad9-4720-bc3c-029e40138b6e,analyst_john,2025-12-11T14:18:09,view_alert_list,,0,,,,alerts
cb8f6402-2ad9-4720-bc3c-029e40138b6e,analyst_john,2025-12-11T14:18:15,open_alert_details,ATK-0030,7938,True,False,,
cb8f6402-2ad9-4720-bc3c-029e40138b6e,analyst_john,2025-12-11T14:18:23,search,ATK-0030,0,False,False,False,
cb8f6402-2ad9-4720-bc3c-029e40138b6e,analyst_john,2025-12-11T14:18:33,search,ATK-0030,0,False,False,False,
cb8f6402-2ad9-4720-bc3c-029e40138b6e,analyst_john,2025-12-11T14:18:40,dismiss_alert,ATK-0030,0,False,False,False,
cb8f6402-2ad9-4720-bc3c-029e40138b6e,analyst_john,2025-12-11T14:19:40,view_alert_list,,0,,,,alerts
cb8f6402-2ad9-4720-bc3c-029e40138b6e,analyst_john,2025-12-11T14:19:52,open_alert_details,ATK-0047,12893,True,False,,
cb8f6402-2ad9-4720-bc3c-029e40138b6e,analyst_john,2025-12-11T14:20:00,search,ATK-0047,0,False,False,False,
cb8f6402-2ad9-4720-bc3c-029e40138b6e,analyst_john,2025-12-11T14:20:06,click_respond,ATK-0047,0,False,False,False,
cb8f6402-2ad9-4720-bc3c-029e40138b6e,analyst_john,2025-12-11T14:20:08,click_respond,ATK-0047,0,False,False,False,
cb8f6402-2ad9-4720-bc3c-029e40138b6e,analyst_john,2025-12-11T14:20:12,confirm_action,ATK-0047,0,False,False,False,
cb8f6402-2ad9-4720-bc3c-029e40138b6e,analyst_john,2025-12-11T14:20:45,view_alert_list,,0,,,,alerts
cb8f6402-2ad9-4720-bc3c-029e40138b6e,analyst_john,2025-12-11T14:20:48,open_alert_details,ATK-0067,6728,True,False,,
cb8f6402-2ad9-4720-bc3c-029e40138b6e,analyst_john,2025-12-11T14:20:50,filter_change,ATK-0067,0,False,False,False,
cb8f6402-2ad9-4720-bc3c-029e40138b6e,analyst_john,2025-12-11T14:20:56,click_respond,ATK-0067,0,False,False,False,
cb8f6402-2ad9-4720-bc3c-029e40138b6e,analyst_john,2025-12-11T14:21:02,click_respond,ATK-0067,0,False,False,False,
cb8f6402-2ad9-4720-bc3c-029e40138b6e,analyst_john,2025-12-11T14:21:04,confirm_action,ATK-0067,0,False,False,False,
134a99f5-dca0-4ef9-8cc0-fdbbc4cd3226,soc_lead,2025-12-11T17:55:53,view_dashboard,,0,,,,overview
134a99f5-dca0-4ef9-8cc0-fdbbc4cd3226,soc_lead,2025-12-11T17:56:36,view_alert_list,,0,,,,alerts
134a99f5-dca0-4ef9-8cc0-fdbbc4cd3226,soc_lead,2025-12-11T17:56:53,open_alert_details,ATK-0047,35857,True,False,,
134a99f5-dca0-4ef9-8cc0-fdbbc4cd3226,soc_lead,2025-12-11T17:57:01,dismiss_alert,ATK-0047,0,False,False,False,
134a99f5-dca0-4ef9-8cc0-fdbbc4cd3226,soc_lead,2025-12-11T17:57:51,view_alert_list,,0,,,,alerts
134a99f5-dca0-4ef9-8cc0-fdbbc4cd3226,soc_lead,2025-12-11T17:57:55,open_alert_details,ATK-0049,36066,False,True,,
134a99f5-dca0-4ef9-8cc0-fdbbc4cd3226,soc_lead,2025-12-11T17:58:03,search,ATK-0049,0,False,False,False,
134a99f5-dca0-4ef9-8cc0-fdbbc4cd3226,soc_lead,2025-12-11T17:58:12,filter_change,ATK-0049,0,False,False,False,
134a99f5-dca0-4ef9-8cc0-fdbbc4cd3226,soc_lead,2025-12-11T17:58:17,dismiss_alert,ATK-0049,0,False,False,False,
722ca7b3-1dd0-4a37-96dd-a567786f6ca7,soc_lead,2025-12-11T15:56:53,view_dashboard,,0,,,,overview
722ca7b3-1dd0-4a37-96dd-a567786f6ca7,soc_lead,2025-12-11T15:57:48,view_alert_list,,0,,,,alerts
722ca7b3-1dd0-4a37-96dd-a567786f6ca7,soc_lead,2025-12-11T15:58:00,open_alert_details,ATK-0008,7319,True,False,,
722ca7b3-1dd0-4a37-96dd-a567786f6ca7,soc_lead,2025-12-11T15:58:07,search,ATK-0008,0,False,False,False,
722ca7b3-1dd0-4a37-96dd-a567786f6ca7,soc_lead,2025-12-11T15:58:12,filter_change,ATK-0008,0,False,False,False,
722ca7b3-1dd0-4a37-96dd-a567786f6ca7,soc_lead,2025-12-11T15:58:16,click_respond,ATK-0008,0,False,False,False,
722ca7b3-1dd0-4a37-96dd-a567786f6ca7,soc_lead,2025-12-11T15:58:20,confirm_action,ATK-0008,0,False,False,False,
722ca7b3-1dd0-4a37-96dd-a567786f6ca7,soc_lead,2025-12-11T15:58:33,view_alert_list,,0,,,,alerts
722ca7b3-1dd0-4a37-96dd-a567786f6ca7,soc_lead,2025-12-11T15:58:37,open_alert_details,ATK-0056,23288,True,False,,
722ca7b3-1dd0-4a37-96dd-a567786f6ca7,soc_lead,2025-12-11T15:58:43,filter_change,ATK-0056,0,False,False,False,
722ca7b3-1dd0-4a37-96dd-a567786f6ca7,soc_lead,2025-12-11T15:58:52,filter_change,ATK-0056,0,False,False,False,
722ca7b3-1dd0-4a37-96dd-a567786f6ca7,soc_lead,2025-12-11T15:58:54,click_respond,ATK-0056,0,False,False,False,
722ca7b3-1dd0-4a37-96dd-a567786f6ca7,soc_lead,2025-12-11T15:58:58,click_respond,ATK-0056,0,False,False,False,
722ca7b3-1dd0-4a37-96dd-a567786f6ca7,soc_lead,2025-12-11T15:59:02,confirm_action,ATK-0056,0,False,False,False,
722ca7b3-1dd0-4a37-96dd-a567786f6ca7,soc_lead,2025-12-11T15:59:20,view_alert_list,,0,,,,alerts
722ca7b3-1dd0-4a37-96dd-a567786f6ca7,soc_lead,2025-12-11T15:59:32,open_alert_details,ATK-0028,34868,True,False,,
722ca7b3-1dd0-4a37-96dd-a567786f6ca7,soc_lead,2025-12-11T15:59:38,click_respond,ATK-0028,0,False,False,False,
722ca7b3-1dd0-4a37-96dd-a567786f6ca7,soc_lead,2025-12-11T15:59:44,confirm_action,ATK-0028,0,False,False,False,
722ca7b3-1dd0-4a37-96dd-a567786f6ca7,soc_lead,2025-12-11T15:59:51,view_alert_list,,0,,,,alerts
722ca7b3-1dd0-4a37-96dd-a567786f6ca7,soc_lead,2025-12-11T16:00:03,open_alert_details,ATK-0075,43503,True,False,,
722ca7b3-1dd0-4a37-96dd-a567786f6ca7,soc_lead,2025-12-11T16:00:06,filter_change,ATK-0075,0,False,False,False,
722ca7b3-1dd0-4a37-96dd-a567786f6ca7,soc_lead,2025-12-11T16:00:09,click_respond,ATK-0075,0,False,False,False,
722ca7b3-1dd0-4a37-96dd-a567786f6ca7,soc_lead,2025-12-11T16:00:14,click_respond,ATK-0075,0,False,False,False,
722ca7b3-1dd0-4a37-96dd-a567786f6ca7,soc_lead,2025-12-11T16:00:16,click_respond,ATK-0075,0,False,False,False,
722ca7b3-1dd0-4a37-96dd-a567786f6ca7,soc_lead,2025-12-11T16:00:21,confirm_action,ATK-0075,0,False,False,False,
722ca7b3-1dd0-4a37-96dd-a567786f6ca7,soc_lead,2025-12-11T16:01:09,view_alert_list,,0,,,,alerts
722ca7b3-1dd0-4a37-96dd-a567786f6ca7,soc_lead,2025-12-11T16:01:18,open_alert_details,ATK-0052,32111,False,False,,
722ca7b3-1dd0-4a37-96dd-a567786f6ca7,soc_lead,2025-12-11T16:01:22,filter_change,ATK-0052,0,False,False,False,
722ca7b3-1dd0-4a37-96dd-a567786f6ca7,soc_lead,2025-12-11T16:01:27,dismiss_alert,ATK-0052,0,False,False,False,
bca8cdea-fd68-4dd3-b0ca-888c18657c56,analyst_sarah,2025-12-11T16:11:53,view_dashboard,,0,,,,overview
bca8cdea-fd68-4dd3-b0ca-888c18657c56,analyst_sarah,2025-12-11T16:12:27,view_alert_list,,0,,,,alerts
bca8cdea-fd68-4dd3-b0ca-888c18657c56,analyst_sarah,2025-12-11T16:12:38,open_alert_details,ATK-0064,28026,True,False,,
bca8cdea-fd68-4dd3-b0ca-888c18657c56,analyst_sarah,2025-12-11T16:12:41,filter_change,ATK-0064,0,False,False,False,
bca8cdea-fd68-4dd3-b0ca-888c18657c56,analyst_sarah,2025-12-11T16:12:43,click_respond,ATK-0064,0,False,False,False,
bca8cdea-fd68-4dd3-b0ca-888c18657c56,analyst_sarah,2025-12-11T16:12:48,click_respond,ATK-0064,0,False,False,False,
bca8cdea-fd68-4dd3-b0ca-888c18657c56,analyst_sarah,2025-12-11T16:12:52,confirm_action,ATK-0064,0,False,False,False,
bca8cdea-fd68-4dd3-b0ca-888c18657c56,analyst_sarah,2025-12-11T16:13:03,view_alert_list,,0,,,,alerts
bca8cdea-fd68-4dd3-b0ca-888c18657c56,analyst_sarah,2025-12-11T16:13:21,open_alert_details,ATK-0079,11170,True,False,,
bca8cdea-fd68-4dd3-b0ca-888c18657c56,analyst_sarah,2025-12-11T16:13:24,dismiss_alert,ATK-0079,0,False,False,False,
bca8cdea-fd68-4dd3-b0ca-888c18657c56,analyst_sarah,2025-12-11T16:13:34,view_alert_list,,0,,,,alerts
bca8cdea-fd68-4dd3-b0ca-888c18657c56,analyst_sarah,2025-12-11T16:13:43,open_alert_details,ATK-0062,32565,False,False,,
bca8cdea-fd68-4dd3-b0ca-888c18657c56,analyst_sarah,2025-12-11T16:13:44,search,ATK-0062,0,False,False,False,
bca8cdea-fd68-4dd3-b0ca-888c18657c56,analyst_sarah,2025-12-11T16:13:48,click_respond,ATK-0062,0,False,False,False,
bca8cdea-fd68-4dd3-b0ca-888c18657c56,analyst_sarah,2025-12-11T16:13:51,confirm_action,ATK-0062,0,False,False,False,
bca8cdea-fd68-4dd3-b0ca-888c18657c56,analyst_sarah,2025-12-11T16:14:16,view_alert_list,,0,,,,alerts
bca8cdea-fd68-4dd3-b0ca-888c18657c56,analyst_sarah,2025-12-11T16:14:21,open_alert_details,ATK-0005,24973,False,True,,
bca8cdea-fd68-4dd3-b0ca-888c18657c56,analyst_sarah,2025-12-11T16:14:29,filter_change,ATK-0005,0,False,False,False,
bca8cdea-fd68-4dd3-b0ca-888c18657c56,analyst_sarah,2025-12-11T16:14:31,click_respond,ATK-0005,0,False,False,False,
bca8cdea-fd68-4dd3-b0ca-888c18657c56,analyst_sarah,2025-12-11T16:14:33,click_respond,ATK-0005,0,False,False,False,
bca8cdea-fd68-4dd3-b0ca-888c18657c56,analyst_sarah,2025-12-11T16:14:35,click_respond,ATK-0005,0,False,False,False,
bca8cdea-fd68-4dd3-b0ca-888c18657c56,analyst_sarah,2025-12-11T16:14:39,confirm_action,ATK-0005,0,False,False,False,
bca8cdea-fd68-4dd3-b0ca-888c18657c56,analyst_sarah,2025-12-11T16:15:37,view_alert_list,,0,,,,alerts
bca8cdea-fd68-4dd3-b0ca-888c18657c56,analyst_sarah,2025-12-11T16:15:43,open_alert_details,ATK-0033,38966,False,False,,
bca8cdea-fd68-4dd3-b0ca-888c18657c56,analyst_sarah,2025-12-11T16:15:45,search,ATK-0033,0,False,False,False,
bca8cdea-fd68-4dd3-b0ca-888c18657c56,analyst_sarah,2025-12-11T16:15:50,click_respond,ATK-0033,0,False,False,False,
bca8cdea-fd68-4dd3-b0ca-888c18657c56,analyst_sarah,2025-12-11T16:15:56,confirm_action,ATK-0033,0,False,False,False,
b15650fb-a142-431e-8b9f-9359ea6c0e92,soc_lead,2025-12-11T13:35:53,view_dashboard,,0,,,,overview
b15650fb-a142-431e-8b9f-9359ea6c0e92,soc_lead,2025-12-11T13:36:36,view_alert_list,,0,,,,alerts
b15650fb-a142-431e-8b9f-9359ea6c0e92,soc_lead,2025-12-11T13:36:55,open_alert_details,ATK-0071,4077,False,False,,
b15650fb-a142-431e-8b9f-9359ea6c0e92,soc_lead,2025-12-11T13:36:58,search,ATK-0071,0,False,False,False,
b15650fb-a142-431e-8b9f-9359ea6c0e92,soc_lead,2025-12-11T13:37:05,filter_change,ATK-0071,0,False,False,False,
b15650fb-a142-431e-8b9f-9359ea6c0e92,soc_lead,2025-12-11T13:37:08,click_respond,ATK-0071,0,False,False,False,
b15650fb-a142-431e-8b9f-9359ea6c0e92,soc_lead,2025-12-11T13:37:10,click_respond,ATK-0071,0,False,False,False,
b15650fb-a142-431e-8b9f-9359ea6c0e92,soc_lead,2025-12-11T13:37:16,confirm_action,ATK-0071,0,False,False,False,
e77f1986-894b-4d24-95c8-97121c1f0bb2,analyst_mike,2025-12-11T13:37:53,view_dashboard,,0,,,,overview
e77f1986-894b-4d24-95c8-97121c1f0bb2,analyst_mike,2025-12-11T13:38:30,view_alert_list,,0,,,,alerts
e77f1986-894b-4d24-95c8-97121c1f0bb2,analyst_mike,2025-12-11T13:38:48,open_alert_details,ATK-0077,39316,True,False,,
e77f1986-894b-4d24-95c8-97121c1f0bb2,analyst_mike,2025-12-11T13:38:49,search,ATK-0077,0,False,False,False,
e77f1986-894b-4d24-95c8-97121c1f0bb2,analyst_mike,2025-12-11T13:38:53,click_respond,ATK-0077,0,False,False,False,
e77f1986-894b-4d24-95c8-97121c1f0bb2,analyst_mike,2025-12-11T13:38:55,confirm_action,ATK-0077,0,False,False,False,
e77f1986-894b-4d24-95c8-97121c1f0bb2,analyst_mike,2025-12-11T13:39:15,view_alert_list,,0,,,,alerts
e77f1986-894b-4d24-95c8-97121c1f0bb2,analyst_mike,2025-12-11T13:39:20,open_alert_details,ATK-0050,41135,False,False,,
e77f1986-894b-4d24-95c8-97121c1f0bb2,analyst_mike,2025-12-11T13:39:23,click_respond,ATK-0050,0,False,False,False,
e77f1986-894b-4d24-95c8-97121c1f0bb2,analyst_mike,2025-12-11T13:39:28,click_respond,ATK-0050,0,False,False,False,
e77f1986-894b-4d24-95c8-97121c1f0bb2,analyst_mike,2025-12-11T13:39:33,click_respond,ATK-0050,0,False,False,False,
e77f1986-894b-4d24-95c8-97121c1f0bb2,analyst_mike,2025-12-11T13:39:36,confirm_action,ATK-0050,0,False,False,False,
e77f1986-894b-4d24-95c8-97121c1f0bb2,analyst_mike,2025-12-11T13:39:45,view_alert_list,,0,,,,alerts
e77f1986-894b-4d24-95c8-97121c1f0bb2,analyst_mike,2025-12-11T13:40:01,open_alert_details,ATK-0022,5423,True,False,,
e77f1986-894b-4d24-95c8-97121c1f0bb2,analyst_mike,2025-12-11T13:40:05,dismiss_alert,ATK-0022,0,False,False,False,
e77f1986-894b-4d24-95c8-97121c1f0bb2,analyst_mike,2025-12-11T13:40:42,view_alert_list,,0,,,,alerts
e77f1986-894b-4d24-95c8-97121c1f0bb2,analyst_mike,2025-12-11T13:40:56,open_alert_details,ATK-0045,38588,True,False,,
e77f1986-894b-4d24-95c8-97121c1f0bb2,analyst_mike,2025-12-11T13:40:58,click_respond,ATK-0045,0,False,False,False,
e77f1986-894b-4d24-95c8-97121c1f0bb2,analyst_mike,2025-12-11T13:41:02,click_respond,ATK-0045,0,False,False,False,
e77f1986-894b-4d24-95c8-97121c1f0bb2,analyst_mike,2025-12-11T13:41:06,confirm_action,ATK-0045,0,False,False,False,
e77f1986-894b-4d24-95c8-97121c1f0bb2,analyst_mike,2025-12-11T13:42:02,view_alert_list,,0,,,,alerts
e77f1986-894b-4d24-95c8-97121c1f0bb2,analyst_mike,2025-12-11T13:42:15,open_alert_details,ATK-0018,31636,False,False,,
e77f1986-894b-4d24-95c8-97121c1f0bb2,analyst_mike,2025-12-11T13:42:21,filter_change,ATK-0018,0,False,False,False,
e77f1986-894b-4d24-95c8-97121c1f0bb2,analyst_mike,2025-12-11T13:42:25,click_respond,ATK-0018,0,False,False,False,
e77f1986-894b-4d24-95c8-97121c1f0bb2,analyst_mike,2025-12-11T13:42:27,click_respond,ATK-0018,0,False,False,False,
e77f1986-894b-4d24-95c8-97121c1f0bb2,analyst_mike,2025-12-11T13:42:32,click_respond,ATK-0018,0,False,False,False,
e77f1986-894b-4d24-95c8-97121c1f0bb2,analyst_mike,2025-12-11T13:42:34,confirm_action,ATK-0018,0,False,False,False,
f7e61572-58e4-4d9a-89d0-116b00ae14ea,soc_lead,2025-12-11T14:35:53,view_dashboard,,0,,,,overview
f7e61572-58e4-4d9a-89d0-116b00ae14ea,soc_lead,2025-12-11T14:36:18,view_alert_list,,0,,,,alerts
f7e61572-58e4-4d9a-89d0-116b00ae14ea,soc_lead,2025-12-11T14:36:23,open_alert_details,ATK-0043,8247,True,False,,
f7e61572-58e4-4d9a-89d0-116b00ae14ea,soc_lead,2025-12-11T14:36:28,search,ATK-0043,0,False,False,False,
f7e61572-58e4-4d9a-89d0-116b00ae14ea,soc_lead,2025-12-11T14:36:33,click_respond,ATK-0043,0,False,False,False,
f7e61572-58e4-4d9a-89d0-116b00ae14ea,soc_lead,2025-12-11T14:36:37,click_respond,ATK-0043,0,False,False,False,
f7e61572-58e4-4d9a-89d0-116b00ae14ea,soc_lead,2025-12-11T14:36:42,click_respond,ATK-0043,0,False,False,False,
f7e61572-58e4-4d9a-89d0-116b00ae14ea,soc_lead,2025-12-11T14:36:44,confirm_action,ATK-0043,0,False,False,False,
f7e61572-58e4-4d9a-89d0-116b00ae14ea,soc_lead,2025-12-11T14:37:28,view_alert_list,,0,,,,alerts
f7e61572-58e4-4d9a-89d0-116b00ae14ea,soc_lead,2025-12-11T14:37:43,open_alert_details,ATK-0051,20993,False,False,,
f7e61572-58e4-4d9a-89d0-116b00ae14ea,soc_lead,2025-12-11T14:37:45,error_modal,ATK-0051,0,,,True,
f7e61572-58e4-4d9a-89d0-116b00ae14ea,soc_lead,2025-12-11T14:37:46,back,ATK-0051,0,False,False,False,
f7e61572-58e4-4d9a-89d0-116b00ae14ea,soc_lead,2025-12-11T14:37:52,click_respond,ATK-0051,0,False,False,False,
f7e61572-58e4-4d9a-89d0-116b00ae14ea,soc_lead,2025-12-11T14:37:55,click_respond,ATK-0051,0,False,False,False,
f7e61572-58e4-4d9a-89d0-116b00ae14ea,soc_lead,2025-12-11T14:37:57,confirm_action,ATK-0051,0,False,False,False,
f7e61572-58e4-4d9a-89d0-116b00ae14ea,soc_lead,2025-12-11T14:38:56,view_alert_list,,0,,,,alerts
f7e61572-58e4-4d9a-89d0-116b00ae14ea,soc_lead,2025-12-11T14:39:12,open_alert_details,ATK-0023,5280,True,False,,
f7e61572-58e4-4d9a-89d0-116b00ae14ea,soc_lead,2025-12-11T14:39:18,click_respond,ATK-0023,0,False,False,False,
f7e61572-58e4-4d9a-89d0-116b00ae14ea,soc_lead,2025-12-11T14:39:20,click_respond,ATK-0023,0,False,False,False,
f7e61572-58e4-4d9a-89d0-116b00ae14ea,soc_lead,2025-12-11T14:39:26,confirm_action,ATK-0023,0,False,False,False,
f7e61572-58e4-4d9a-89d0-116b00ae14ea,soc_lead,2025-12-11T14:40:14,view_alert_list,,0,,,,alerts
f7e61572-58e4-4d9a-89d0-116b00ae14ea,soc_lead,2025-12-11T14:40:30,open_alert_details,ATK-0024,27311,True,False,,
f7e61572-58e4-4d9a-89d0-116b00ae14ea,soc_lead,2025-12-11T14:40:34,click_respond,ATK-0024,0,False,False,False,
f7e61572-58e4-4d9a-89d0-116b00ae14ea,soc_lead,2025-12-11T14:40:38,click_respond,ATK-0024,0,False,False,False,
f7e61572-58e4-4d9a-89d0-116b00ae14ea,soc_lead,2025-12-11T14:40:41,confirm_action,ATK-0024,0,False,False,False,
f7e61572-58e4-4d9a-89d0-116b00ae14ea,soc_lead,2025-12-11T14:40:47,view_alert_list,,0,,,,alerts
f7e61572-58e4-4d9a-89d0-116b00ae14ea,soc_lead,2025-12-11T14:40:54,open_alert_details,ATK-0017,35705,True,False,,
f7e61572-58e4-4d9a-89d0-116b00ae14ea,soc_lead,2025-12-11T14:40:56,search,ATK-0017,0,False,False,False,
f7e61572-58e4-4d9a-89d0-116b00ae14ea,soc_lead,2025-12-11T14:41:01,search,ATK-0017,0,False,False,False,
f7e61572-58e4-4d9a-89d0-116b00ae14ea,soc_lead,2025-12-11T14:41:06,click_respond,ATK-0017,0,False,False,False,
f7e61572-58e4-4d9a-89d0-116b00ae14ea,soc_lead,2025-12-11T14:41:09,click_respond,ATK-0017,0,False,False,False,
f7e61572-58e4-4d9a-89d0-116b00ae14ea,soc_lead,2025-12-11T14:41:11,click_respond,ATK-0017,0,False,False,False,
f7e61572-58e4-4d9a-89d0-116b00ae14ea,soc_lead,2025-12-11T14:41:14,confirm_action,ATK-0017,0,False,False,False,
d09dd6a7-c3ff-4350-a52f-c70509591cdd,analyst_john,2025-12-11T16:54:53,view_dashboard,,0,,,,overview
d09dd6a7-c3ff-4350-a52f-c70509591cdd,analyst_john,2025-12-11T16:55:03,view_alert_list,,0,,,,alerts
d09dd6a7-c3ff-4350-a52f-c70509591cdd,analyst_john,2025-12-11T16:55:15,open_alert_details,ATK-0064,25768,False,False,,
d09dd6a7-c3ff-4350-a52f-c70509591cdd,analyst_john,2025-12-11T16:55:20,filter_change,ATK-0064,0,False,False,False,
d09dd6a7-c3ff-4350-a52f-c70509591cdd,analyst_john,2025-12-11T16:55:27,dismiss_alert,ATK-0064,0,False,False,False,
d09dd6a7-c3ff-4350-a52f-c70509591cdd,analyst_john,2025-12-11T16:56:22,view_alert_list,,0,,,,alerts
d09dd6a7-c3ff-4350-a52f-c70509591cdd,analyst_john,2025-12-11T16:56:35,open_alert_details,ATK-0027,36341,True,False,,
d09dd6a7-c3ff-4350-a52f-c70509591cdd,analyst_john,2025-12-11T16:56:37,click_respond,ATK-0027,0,False,False,False,
d09dd6a7-c3ff-4350-a52f-c70509591cdd,analyst_john,2025-12-11T16:56:41,click_respond,ATK-0027,0,False,False,False,
d09dd6a7-c3ff-4350-a52f-c70509591cdd,analyst_john,2025-12-11T16:56:47,confirm_action,ATK-0027,0,False,False,False,
50e2ffc7-b309-4185-913e-d82aaffe4ea4,analyst_mike,2025-12-11T17:02:53,view_dashboard,,0,,,,overview
50e2ffc7-b309-4185-913e-d82aaffe4ea4,analyst_mike,2025-12-11T17:03:37,view_alert_list,,0,,,,alerts
50e2ffc7-b309-4185-913e-d82aaffe4ea4,analyst_mike,2025-12-11T17:03:41,open_alert_details,ATK-0020,7308,True,False,,
50e2ffc7-b309-4185-913e-d82aaffe4ea4,analyst_mike,2025-12-11T17:03:49,search,ATK-0020,0,False,False,False,
50e2ffc7-b309-4185-913e-d82aaffe4ea4,analyst_mike,2025-12-11T17:03:56,filter_change,ATK-0020,0,False,False,False,
50e2ffc7-b309-4185-913e-d82aaffe4ea4,analyst_mike,2025-12-11T17:04:01,click_respond,ATK-0020,0,False,False,False,
50e2ffc7-b309-4185-913e-d82aaffe4ea4,analyst_mike,2025-12-11T17:04:06,confirm_action,ATK-0020,0,False,False,False,
50e2ffc7-b309-4185-913e-d82aaffe4ea4,analyst_mike,2025-12-11T17:04:33,view_alert_list,,0,,,,alerts
50e2ffc7-b309-4185-913e-d82aaffe4ea4,analyst_mike,2025-12-11T17:04:39,open_alert_details,ATK-0074,39130,False,True,,
50e2ffc7-b309-4185-913e-d82aaffe4ea4,analyst_mike,2025-12-11T17:04:41,dismiss_alert,ATK-0074,0,False,False,False,
50e2ffc7-b309-4185-913e-d82aaffe4ea4,analyst_mike,2025-12-11T17:05:19,view_alert_list,,0,,,,alerts
50e2ffc7-b309-4185-913e-d82aaffe4ea4,analyst_mike,2025-12-11T17:05:25,open_alert_details,ATK-0018,22931,True,False,,
50e2ffc7-b309-4185-913e-d82aaffe4ea4,analyst_mike,2025-12-11T17:05:29,search,ATK-0018,0,False,False,False,
50e2ffc7-b309-4185-913e-d82aaffe4ea4,analyst_mike,2025-12-11T17:05:31,click_respond,ATK-0018,0,False,False,False,
50e2ffc7-b309-4185-913e-d82aaffe4ea4,analyst_mike,2025-12-11T17:05:35,click_respond,ATK-0018,0,False,False,False,
50e2ffc7-b309-4185-913e-d82aaffe4ea4,analyst_mike,2025-12-11T17:05:38,confirm_action,ATK-0018,0,False,False,False,
50e2ffc7-b309-4185-913e-d82aaffe4ea4,analyst_mike,2025-12-11T17:06:00,view_alert_list,,0,,,,alerts
50e2ffc7-b309-4185-913e-d82aaffe4ea4,analyst_mike,2025-12-11T17:06:06,open_alert_details,ATK-0079,43961,True,False,,
50e2ffc7-b309-4185-913e-d82aaffe4ea4,analyst_mike,2025-12-11T17:06:08,filter_change,ATK-0079,0,False,False,False,
50e2ffc7-b309-4185-913e-d82aaffe4ea4,analyst_mike,2025-12-11T17:06:18,filter_change,ATK-0079,0,False,False,False,
50e2ffc7-b309-4185-913e-d82aaffe4ea4,analyst_mike,2025-12-11T17:06:22,click_respond,ATK-0079,0,False,False,False,
50e2ffc7-b309-4185-913e-d82aaffe4ea4,analyst_mike,2025-12-11T17:06:28,click_respond,ATK-0079,0,False,False,False,
50e2ffc7-b309-4185-913e-d82aaffe4ea4,analyst_mike,2025-12-11T17:06:30,click_respond,ATK-0079,0,False,False,False,
50e2ffc7-b309-4185-913e-d82aaffe4ea4,analyst_mike,2025-12-11T17:06:32,confirm_action,ATK-0079,0,False,False,False,
50e2ffc7-b309-4185-913e-d82aaffe4ea4,analyst_mike,2025-12-11T17:06:39,view_alert_list,,0,,,,alerts
50e2ffc7-b309-4185-913e-d82aaffe4ea4,analyst_mike,2025-12-11T17:06:59,open_alert_details,ATK-0013,20344,False,False,,
50e2ffc7-b309-4185-913e-d82aaffe4ea4,analyst_mike,2025-12-11T17:07:09,filter_change,ATK-0013,0,False,False,False,
50e2ffc7-b309-4185-913e-d82aaffe4ea4,analyst_mike,2025-12-11T17:07:13,click_respond,ATK-0013,0,False,False,False,
50e2ffc7-b309-4185-913e-d82aaffe4ea4,analyst_mike,2025-12-11T17:07:18,click_respond,ATK-0013,0,False,False,False,
50e2ffc7-b309-4185-913e-d82aaffe4ea4,analyst_mike,2025-12-11T17:07:21,confirm_action,ATK-0013,0,False,False,False,
9fd2e6ed-d1bd-456b-847e-7e24c26407f0,soc_lead,2025-12-11T15:35:53,view_dashboard,,0,,,,overview
9fd2e6ed-d1bd-456b-847e-7e24c26407f0,soc_lead,2025-12-11T15:36:42,view_alert_list,,0,,,,alerts
9fd2e6ed-d1bd-456b-847e-7e24c26407f0,soc_lead,2025-12-11T15:36:45,open_alert_details,ATK-0012,13359,True,False,,
9fd2e6ed-d1bd-456b-847e-7e24c26407f0,soc_lead,2025-12-11T15:36:53,filter_change,ATK-0012,0,False,False,False,
9fd2e6ed-d1bd-456b-847e-7e24c26407f0,soc_lead,2025-12-11T15:36:57,click_respond,ATK-0012,0,False,False,False,
9fd2e6ed-d1bd-456b-847e-7e24c26407f0,soc_lead,2025-12-11T15:37:01,click_respond,ATK-0012,0,False,False,False,
9fd2e6ed-d1bd-456b-847e-7e24c26407f0,soc_lead,2025-12-11T15:37:06,click_respond,ATK-0012,0,False,False,False,
9fd2e6ed-d1bd-456b-847e-7e24c26407f0,soc_lead,2025-12-11T15:37:09,confirm_action,ATK-0012,0,False,False,False,
9fd2e6ed-d1bd-456b-847e-7e24c26407f0,soc_lead,2025-12-11T15:37:46,view_alert_list,,0,,,,alerts
9fd2e6ed-d1bd-456b-847e-7e24c26407f0,soc_lead,2025-12-11T15:38:05,open_alert_details,ATK-0053,9958,True,False,,
9fd2e6ed-d1bd-456b-847e-7e24c26407f0,soc_lead,2025-12-11T15:38:07,search,ATK-0053,0,False,False,False,
9fd2e6ed-d1bd-456b-847e-7e24c26407f0,soc_lead,2025-12-11T15:38:11,click_respond,ATK-0053,0,False,False,False,
9fd2e6ed-d1bd-456b-847e-7e24c26407f0,soc_lead,2025-12-11T15:38:16,confirm_action,ATK-0053,0,False,False,False,
9fd2e6ed-d1bd-456b-847e-7e24c26407f0,soc_lead,2025-12-11T15:38:36,view_alert_list,,0,,,,alerts
9fd2e6ed-d1bd-456b-847e-7e24c26407f0,soc_lead,2025-12-11T15:38:43,open_alert_details,ATK-0060,24458,False,False,,
9fd2e6ed-d1bd-456b-847e-7e24c26407f0,soc_lead,2025-12-11T15:38:48,click_respond,ATK-0060,0,False,False,False,
9fd2e6ed-d1bd-456b-847e-7e24c26407f0,soc_lead,2025-12-11T15:38:53,click_respond,ATK-0060,0,False,False,False,
9fd2e6ed-d1bd-456b-847e-7e24c26407f0,soc_lead,2025-12-11T15:38:57,click_respond,ATK-0060,0,False,False,False,
9fd2e6ed-d1bd-456b-847e-7e24c26407f0,soc_lead,2025-12-11T15:39:02,confirm_action,ATK-0060,0,False,False,False,
9fd2e6ed-d1bd-456b-847e-7e24c26407f0,soc_lead,2025-12-11T15:39:12,view_alert_list,,0,,,,alerts
9fd2e6ed-d1bd-456b-847e-7e24c26407f0,soc_lead,2025-12-11T15:39:26,open_alert_details,ATK-0003,36124,True,False,,
9fd2e6ed-d1bd-456b-847e-7e24c26407f0,soc_lead,2025-12-11T15:39:30,click_respond,ATK-0003,0,False,False,False,
9fd2e6ed-d1bd-456b-847e-7e24c26407f0,soc_lead,2025-12-11T15:39:35,confirm_action,ATK-0003,0,False,False,False,
c3cb1727-4153-49ff-9c29-2f8b5e8a7c21,soc_lead,2025-12-11T15:29:53,view_dashboard,,0,,,,overview
c3cb1727-4153-49ff-9c29-2f8b5e8a7c21,soc_lead,2025-12-11T15:30:52,view_alert_list,,0,,,,alerts
c3cb1727-4153-49ff-9c29-2f8b5e8a7c21,soc_lead,2025-12-11T15:30:57,open_alert_details,ATK-0002,31241,True,False,,
c3cb1727-4153-49ff-9c29-2f8b5e8a7c21,soc_lead,2025-12-11T15:31:03,search,ATK-0002,0,False,False,False,
c3cb1727-4153-49ff-9c29-2f8b5e8a7c21,soc_lead,2025-12-11T15:31:09,click_respond,ATK-0002,0,False,False,False,
c3cb1727-4153-49ff-9c29-2f8b5e8a7c21,soc_lead,2025-12-11T15:31:12,click_respond,ATK-0002,0,False,False,False,
c3cb1727-4153-49ff-9c29-2f8b5e8a7c21,soc_lead,2025-12-11T15:31:16,click_respond,ATK-0002,0,False,False,False,
c3cb1727-4153-49ff-9c29-2f8b5e8a7c21,soc_lead,2025-12-11T15:31:22,confirm_action,ATK-0002,0,False,False,False,
c3cb1727-4153-49ff-9c29-2f8b5e8a7c21,soc_lead,2025-12-11T15:31:31,view_alert_list,,0,,,,alerts
c3cb1727-4153-49ff-9c29-2f8b5e8a7c21,soc_lead,2025-12-11T15:31:45,open_alert_details,ATK-0042,36046,True,False,,
c3cb1727-4153-49ff-9c29-2f8b5e8a7c21,soc_lead,2025-12-11T15:31:50,filter_change,ATK-0042,0,False,False,False,
c3cb1727-4153-49ff-9c29-2f8b5e8a7c21,soc_lead,2025-12-11T15:31:53,filter_change,ATK-0042,0,False,False,False,
c3cb1727-4153-49ff-9c29-2f8b5e8a7c21,soc_lead,2025-12-11T15:31:57,dismiss_alert,ATK-0042,0,False,False,False,
c3cb1727-4153-49ff-9c29-2f8b5e8a7c21,soc_lead,2025-12-11T15:32:25,view_alert_list,,0,,,,alerts
c3cb1727-4153-49ff-9c29-2f8b5e8a7c21,soc_lead,2025-12-11T15:32:31,open_alert_details,ATK-0080,16045,False,False,,
c3cb1727-4153-49ff-9c29-2f8b5e8a7c21,soc_lead,2025-12-11T15:32:33,error_modal,ATK-0080,0,,,True,
c3cb1727-4153-49ff-9c29-2f8b5e8a7c21,soc_lead,2025-12-11T15:32:34,back,ATK-0080,0,False,False,False,
c3cb1727-4153-49ff-9c29-2f8b5e8a7c21,soc_lead,2025-12-11T15:32:39,click_respond,ATK-0080,0,False,False,False,
c3cb1727-4153-49ff-9c29-2f8b5e8a7c21,soc_lead,2025-12-11T15:32:45,click_respond,ATK-0080,0,False,False,False,
c3cb1727-4153-49ff-9c29-2f8b5e8a7c21,soc_lead,2025-12-11T15:32:50,confirm_action,ATK-0080,0,False,False,False,
c3cb1727-4153-49ff-9c29-2f8b5e8a7c21,soc_lead,2025-12-11T15:33:33,view_alert_list,,0,,,,alerts
c3cb1727-4153-49ff-9c29-2f8b5e8a7c21,soc_lead,2025-12-11T15:33:51,open_alert_details,ATK-0024,12160,True,False,,
c3cb1727-4153-49ff-9c29-2f8b5e8a7c21,soc_lead,2025-12-11T15:33:57,filter_change,ATK-0024,0,False,False,False,
c3cb1727-4153-49ff-9c29-2f8b5e8a7c21,soc_lead,2025-12-11T15:34:04,search,ATK-0024,0,False,False,False,
c3cb1727-4153-49ff-9c29-2f8b5e8a7c21,soc_lead,2025-12-11T15:34:10,click_respond,ATK-0024,0,False,False,False,
c3cb1727-4153-49ff-9c29-2f8b5e8a7c21,soc_lead,2025-12-11T15:34:15,click_respond,ATK-0024,0,False,False,False,
c3cb1727-4153-49ff-9c29-2f8b5e8a7c21,soc_lead,2025-12-11T15:34:21,click_respond,ATK-0024,0,False,False,False,
c3cb1727-4153-49ff-9c29-2f8b5e8a7c21,soc_lead,2025-12-11T15:34:25,confirm_action,ATK-0024,0,False,False,False,
c3cb1727-4153-49ff-9c29-2f8b5e8a7c21,soc_lead,2025-12-11T15:35:22,view_alert_list,,0,,,,alerts
c3cb1727-4153-49ff-9c29-2f8b5e8a7c21,soc_lead,2025-12-11T15:35:24,open_alert_details,ATK-0068,27140,True,False,,
c3cb1727-4153-49ff-9c29-2f8b5e8a7c21,soc_lead,2025-12-11T15:35:26,click_respond,ATK-0068,0,False,False,False,
c3cb1727-4153-49ff-9c29-2f8b5e8a7c21,soc_lead,2025-12-11T15:35:32,click_respond,ATK-0068,0,False,False,False,
c3cb1727-4153-49ff-9c29-2f8b5e8a7c21,soc_lead,2025-12-11T15:35:37,click_respond,ATK-0068,0,False,False,False,
c3cb1727-4153-49ff-9c29-2f8b5e8a7c21,soc_lead,2025-12-11T15:35:41,confirm_action,ATK-0068,0,False,False,False,
2b18ab33-bdce-4e53-91e7-ef89cadd098e,analyst_sarah,2025-12-11T13:29:53,view_dashboard,,0,,,,overview
2b18ab33-bdce-4e53-91e7-ef89cadd098e,analyst_sarah,2025-12-11T13:30:08,view_alert_list,,0,,,,alerts
2b18ab33-bdce-4e53-91e7-ef89cadd098e,analyst_sarah,2025-12-11T13:30:26,open_alert_details,ATK-0069,44223,False,False,,
2b18ab33-bdce-4e53-91e7-ef89cadd098e,analyst_sarah,2025-12-11T13:30:29,filter_change,ATK-0069,0,False,False,False,
2b18ab33-bdce-4e53-91e7-ef89cadd098e,analyst_sarah,2025-12-11T13:30:31,error_modal,ATK-0069,0,,,True,
2b18ab33-bdce-4e53-91e7-ef89cadd098e,analyst_sarah,2025-12-11T13:30:32,back,ATK-0069,0,False,False,False,
2b18ab33-bdce-4e53-91e7-ef89cadd098e,analyst_sarah,2025-12-11T13:30:34,dismiss_alert,ATK-0069,0,False,False,False,
2b18ab33-bdce-4e53-91e7-ef89cadd098e,analyst_sarah,2025-12-11T13:30:40,view_alert_list,,0,,,,alerts
2b18ab33-bdce-4e53-91e7-ef89cadd098e,analyst_sarah,2025-12-11T13:30:56,open_alert_details,ATK-0029,23558,True,False,,
2b18ab33-bdce-4e53-91e7-ef89cadd098e,analyst_sarah,2025-12-11T13:31:00,search,ATK-0029,0,False,False,False,
2b18ab33-bdce-4e53-91e7-ef89cadd098e,analyst_sarah,2025-12-11T13:31:02,click_respond,ATK-0029,0,False,False,False,
2b18ab33-bdce-4e53-91e7-ef89cadd098e,analyst_sarah,2025-12-11T13:31:05,click_respond,ATK-0029,0,False,False,False,
2b18ab33-bdce-4e53-91e7-ef89cadd098e,analyst_sarah,2025-12-11T13:31:11,confirm_action,ATK-0029,0,False,False,False,
2b18ab33-bdce-4e53-91e7-ef89cadd098e,analyst_sarah,2025-12-11T13:31:51,view_alert_list,,0,,,,alerts
2b18ab33-bdce-4e53-91e7-ef89cadd098e,analyst_sarah,2025-12-11T13:32:03,open_alert_details,ATK-0032,34350,True,False,,
2b18ab33-bdce-4e53-91e7-ef89cadd098e,analyst_sarah,2025-12-11T13:32:06,search,ATK-0032,0,False,False,False,
2b18ab33-bdce-4e53-91e7-ef89cadd098e,analyst_sarah,2025-12-11T13:32:10,click_respond,ATK-0032,0,False,False,False,
2b18ab33-bdce-4e53-91e7-ef89cadd098e,analyst_sarah,2025-12-11T13:32:16,click_respond,ATK-0032,0,False,False,False,
2b18ab33-bdce-4e53-91e7-ef89cadd098e,analyst_sarah,2025-12-11T13:32:21,confirm_action,ATK-0032,0,False,False,False,
2b18ab33-bdce-4e53-91e7-ef89cadd098e,analyst_sarah,2025-12-11T13:32:41,view_alert_list,,0,,,,alerts
2b18ab33-bdce-4e53-91e7-ef89cadd098e,analyst_sarah,2025-12-11T13:32:51,open_alert_details,ATK-0029,39574,True,False,,
2b18ab33-bdce-4e53-91e7-ef89cadd098e,analyst_sarah,2025-12-11T13:32:56,filter_change,ATK-0029,0,False,False,False,
2b18ab33-bdce-4e53-91e7-ef89cadd098e,analyst_sarah,2025-12-11T13:33:00,click_respond,ATK-0029,0,False,False,False,
2b18ab33-bdce-4e53-91e7-ef89cadd098e,analyst_sarah,2025-12-11T13:33:06,click_respond,ATK-0029,0,False,False,False,
2b18ab33-bdce-4e53-91e7-ef89cadd098e,analyst_sarah,2025-12-11T13:33:10,confirm_action,ATK-0029,0,False,False,False,
2b18ab33-bdce-4e53-91e7-ef89cadd098e,analyst_sarah,2025-12-11T13:33:22,view_alert_list,,0,,,,alerts
2b18ab33-bdce-4e53-91e7-ef89cadd098e,analyst_sarah,2025-12-11T13:33:42,open_alert_details,ATK-0042,38598,True,False,,
2b18ab33-bdce-4e53-91e7-ef89cadd098e,analyst_sarah,2025-12-11T13:33:48,filter_change,ATK-0042,0,False,False,False,
2b18ab33-bdce-4e53-91e7-ef89cadd098e,analyst_sarah,2025-12-11T13:33:50,click_respond,ATK-0042,0,False,False,False,
2b18ab33-bdce-4e53-91e7-ef89cadd098e,analyst_sarah,2025-12-11T13:33:54,click_respond,ATK-0042,0,False,False,False,
2b18ab33-bdce-4e53-91e7-ef89cadd098e,analyst_sarah,2025-12-11T13:33:59,click_respond,ATK-0042,0,False,False,False,
2b18ab33-bdce-4e53-91e7-ef89cadd098e,analyst_sarah,2025-12-11T13:34:03,confirm_action,ATK-0042,0,False,False,False,
fe71a1a1-7710-42f7-b31c-ba669e17b62f,soc_lead,2025-12-11T14:52:53,view_dashboard,,0,,,,overview
fe71a1a1-7710-42f7-b31c-ba669e17b62f,soc_lead,2025-12-11T14:53:15,view_alert_list,,0,,,,alerts
fe71a1a1-7710-42f7-b31c-ba669e17b62f,soc_lead,2025-12-11T14:53:34,open_alert_details,ATK-0076,20800,True,False,,
fe71a1a1-7710-42f7-b31c-ba669e17b62f,soc_lead,2025-12-11T14:53:44,filter_change,ATK-0076,0,False,False,False,
fe71a1a1-7710-42f7-b31c-ba669e17b62f,soc_lead,2025-12-11T14:53:48,filter_change,ATK-0076,0,False,False,False,
fe71a1a1-7710-42f7-b31c-ba669e17b62f,soc_lead,2025-12-11T14:53:51,click_respond,ATK-0076,0,False,False,False,
fe71a1a1-7710-42f7-b31c-ba669e17b62f,soc_lead,2025-12-11T14:53:53,click_respond,ATK-0076,0,False,False,False,
fe71a1a1-7710-42f7-b31c-ba669e17b62f,soc_lead,2025-12-11T14:53:55,click_respond,ATK-0076,0,False,False,False,
fe71a1a1-7710-42f7-b31c-ba669e17b62f,soc_lead,2025-12-11T14:54:00,confirm_action,ATK-0076,0,False,False,False,
fe71a1a1-7710-42f7-b31c-ba669e17b62f,soc_lead,2025-12-11T14:54:50,view_alert_list,,0,,,,alerts
fe71a1a1-7710-42f7-b31c-ba669e17b62f,soc_lead,2025-12-11T14:55:07,open_alert_details,ATK-0048,9589,False,True,,
fe71a1a1-7710-42f7-b31c-ba669e17b62f,soc_lead,2025-12-11T14:55:10,search,ATK-0048,0,False,False,False,
fe71a1a1-7710-42f7-b31c-ba669e17b62f,soc_lead,2025-12-11T14:55:18,search,ATK-0048,0,False,False,False,
fe71a1a1-7710-42f7-b31c-ba669e17b62f,soc_lead,2025-12-11T14:55:22,dismiss_alert,ATK-0048,0,False,False,False,
4f8292eb-dce4-4f26-8378-d925d5bc2d7a,analyst_mike,2025-12-11T15:29:53,view_dashboard,,0,,,,overview
4f8292eb-dce4-4f26-8378-d925d5bc2d7a,analyst_mike,2025-12-11T15:30:39,view_alert_list,,0,,,,alerts
4f8292eb-dce4-4f26-8378-d925d5bc2d7a,analyst_mike,2025-12-11T15:30:59,open_alert_details,ATK-0014,18218,True,False,,
4f8292eb-dce4-4f26-8378-d925d5bc2d7a,analyst_mike,2025-12-11T15:31:00,filter_change,ATK-0014,0,False,False,False,
4f8292eb-dce4-4f26-8378-d925d5bc2d7a,analyst_mike,2025-12-11T15:31:07,filter_change,ATK-0014,0,False,False,False,
4f8292eb-dce4-4f26-8378-d925d5bc2d7a,analyst_mike,2025-12-11T15:31:12,click_respond,ATK-0014,0,False,False,False,
4f8292eb-dce4-4f26-8378-d925d5bc2d7a,analyst_mike,2025-12-11T15:31:15,click_respond,ATK-0014,0,False,False,False,
4f8292eb-dce4-4f26-8378-d925d5bc2d7a,analyst_mike,2025-12-11T15:31:19,confirm_action,ATK-0014,0,False,False,False,
49588c94-5e8e-44e4-bb48-e2bcedee19db,analyst_john,2025-12-11T13:07:53,view_dashboard,,0,,,,overview
49588c94-5e8e-44e4-bb48-e2bcedee19db,analyst_john,2025-12-11T13:08:19,view_alert_list,,0,,,,alerts
49588c94-5e8e-44e4-bb48-e2bcedee19db,analyst_john,2025-12-11T13:08:30,open_alert_details,ATK-0016,32776,False,False,,
49588c94-5e8e-44e4-bb48-e2bcedee19db,analyst_john,2025-12-11T13:08:33,search,ATK-0016,0,False,False,False,
49588c94-5e8e-44e4-bb48-e2bcedee19db,analyst_john,2025-12-11T13:08:37,dismiss_alert,ATK-0016,0,False,False,False,
49588c94-5e8e-44e4-bb48-e2bcedee19db,analyst_john,2025-12-11T13:09:28,view_alert_list,,0,,,,alerts
49588c94-5e8e-44e4-bb48-e2bcedee19db,analyst_john,2025-12-11T13:09:44,open_alert_details,ATK-0025,19860,False,True,,
49588c94-5e8e-44e4-bb48-e2bcedee19db,analyst_john,2025-12-11T13:09:49,filter_change,ATK-0025,0,False,False,False,
49588c94-5e8e-44e4-bb48-e2bcedee19db,analyst_john,2025-12-11T13:09:54,dismiss_alert,ATK-0025,0,False,False,False,
49588c94-5e8e-44e4-bb48-e2bcedee19db,analyst_john,2025-12-11T13:10:31,view_alert_list,,0,,,,alerts
49588c94-5e8e-44e4-bb48-e2bcedee19db,analyst_john,2025-12-11T13:10:43,open_alert_details,ATK-0061,8684,True,False,,
49588c94-5e8e-44e4-bb48-e2bcedee19db,analyst_john,2025-12-11T13:10:46,click_respond,ATK-0061,0,False,False,False,
49588c94-5e8e-44e4-bb48-e2bcedee19db,analyst_john,2025-12-11T13:10:48,click_respond,ATK-0061,0,False,False,False,
49588c94-5e8e-44e4-bb48-e2bcedee19db,analyst_john,2025-12-11T13:10:52,confirm_action,ATK-0061,0,False,False,False,
6e96c446-401b-4b84-811b-057751c23369,soc_lead,2025-12-11T15:03:53,view_dashboard,,0,,,,overview
6e96c446-401b-4b84-811b-057751c23369,soc_lead,2025-12-11T15:04:19,view_alert_list,,0,,,,alerts
6e96c446-401b-4b84-811b-057751c23369,soc_lead,2025-12-11T15:04:30,open_alert_details,ATK-0040,41172,False,True,,
6e96c446-401b-4b84-811b-057751c23369,soc_lead,2025-12-11T15:04:36,filter_change,ATK-0040,0,False,False,False,
6e96c446-401b-4b84-811b-057751c23369,soc_lead,2025-12-11T15:04:37,filter_change,ATK-0040,0,False,False,False,
6e96c446-401b-4b84-811b-057751c23369,soc_lead,2025-12-11T15:04:43,click_respond,ATK-0040,0,False,False,False,
6e96c446-401b-4b84-811b-057751c23369,soc_lead,2025-12-11T15:04:47,click_respond,ATK-0040,0,False,False,False,
6e96c446-401b-4b84-811b-057751c23369,soc_lead,2025-12-11T15:04:49,click_respond,ATK-0040,0,False,False,False,
6e96c446-401b-4b84-811b-057751c23369,soc_lead,2025-12-11T15:04:53,confirm_action,ATK-0040,0,False,False,False,
6e96c446-401b-4b84-811b-057751c23369,soc_lead,2025-12-11T15:05:37,view_alert_list,,0,,,,alerts
6e96c446-401b-4b84-811b-057751c23369,soc_lead,2025-12-11T15:05:46,open_alert_details,ATK-0053,17360,False,False,,
6e96c446-401b-4b84-811b-057751c23369,soc_lead,2025-12-11T15:05:56,search,ATK-0053,0,False,False,False,
6e96c446-401b-4b84-811b-057751c23369,soc_lead,2025-12-11T15:06:02,click_respond,ATK-0053,0,False,False,False,
6e96c446-401b-4b84-811b-057751c23369,soc_lead,2025-12-11T15:06:05,click_respond,ATK-0053,0,False,False,False,
6e96c446-401b-4b84-811b-057751c23369,soc_lead,2025-12-11T15:06:08,confirm_action,ATK-0053,0,False,False,False,
6e96c446-401b-4b84-811b-057751c23369,soc_lead,2025-12-11T15:06:46,view_alert_list,,0,,,,alerts
6e96c446-401b-4b84-811b-057751c23369,soc_lead,2025-12-11T15:07:02,open_alert_details,ATK-0013,37614,False,True,,
6e96c446-401b-4b84-811b-057751c23369,soc_lead,2025-12-11T15:07:04,filter_change,ATK-0013,0,False,False,False,
6e96c446-401b-4b84-811b-057751c23369,soc_lead,2025-12-11T15:07:13,filter_change,ATK-0013,0,False,False,False,
6e96c446-401b-4b84-811b-057751c23369,soc_lead,2025-12-11T15:07:19,click_respond,ATK-0013,0,False,False,False,
6e96c446-401b-4b84-811b-057751c23369,soc_lead,2025-12-11T15:07:24,click_respond,ATK-0013,0,False,False,False,
6e96c446-401b-4b84-811b-057751c23369,soc_lead,2025-12-11T15:07:26,confirm_action,ATK-0013,0,False,False,False,
6e96c446-401b-4b84-811b-057751c23369,soc_lead,2025-12-11T15:08:16,view_alert_list,,0,,,,alerts
6e96c446-401b-4b84-811b-057751c23369,soc_lead,2025-12-11T15:08:36,open_alert_details,ATK-0032,35035,True,False,,
6e96c446-401b-4b84-811b-057751c23369,soc_lead,2025-12-11T15:08:44,filter_change,ATK-0032,0,False,False,False,
6e96c446-401b-4b84-811b-057751c23369,soc_lead,2025-12-11T15:08:52,filter_change,ATK-0032,0,False,False,False,
6e96c446-401b-4b84-811b-057751c23369,soc_lead,2025-12-11T15:08:58,click_respond,ATK-0032,0,False,False,False,
6e96c446-401b-4b84-811b-057751c23369,soc_lead,2025-12-11T15:09:03,confirm_action,ATK-0032,0,False,False,False,
